dataset,fold,method,init,mean_seconds,std_seconds,n_samples,n_features,size_proxy
australian,0,complexity_22,raw_tabular,0.10867360016951959,0.0006990044860582611,345,14,4830
australian,0,complexity_n2,raw_tabular,0.011941933228323856,7.729957157182182e-05,345,14,4830
australian,0,complexity_l1,raw_tabular,0.001420866542806228,0.00012994073482506768,345,14,4830
australian,0,encoding,shared,0.13923590009411177,0.0019223688296330617,345,14,4830
australian,0,feature_extraction,imagenet,0.1253006332553923,0.000514034564143933,345,512,176640
australian,0,hscore,imagenet,0.05429720021784305,0.0009168101121262029,345,512,176640
australian,0,transrate,imagenet,0.010584779921919108,0.0009153543898236806,345,512,176640
australian,0,feature_extraction,random,0.1256482667910556,0.0001986372408551601,345,512,176640
australian,0,hscore,random,0.055265639908611774,0.0012991298112060025,345,512,176640
australian,0,transrate,random,0.010059999860823154,0.0006965849866248446,345,512,176640
australian,1,complexity_22,raw_tabular,0.10989326688771446,0.000886349834117965,345,14,4830
australian,1,complexity_n2,raw_tabular,0.012249466497451067,9.303143879044586e-05,345,14,4830
australian,1,complexity_l1,raw_tabular,0.0016521667130291462,0.0001604004221286512,345,14,4830
australian,1,encoding,shared,0.14146453343952695,0.006087807351294641,345,14,4830
australian,1,feature_extraction,imagenet,0.1298992334244152,0.0010550121303146789,345,512,176640
australian,1,hscore,imagenet,0.056548420060426,0.0017428173339636152,345,512,176640
australian,1,transrate,imagenet,0.009704619832336902,0.0003851516927232496,345,512,176640
australian,1,feature_extraction,random,0.12523960011700788,0.0005242794628850434,345,512,176640
australian,1,hscore,random,0.053331839945167304,0.0013044274946609094,345,512,176640
australian,1,transrate,random,0.010780479945242404,0.001364219014757034,345,512,176640
australian,2,complexity_22,raw_tabular,0.11016643326729536,0.0008401943986099983,345,14,4830
australian,2,complexity_n2,raw_tabular,0.012133033325274786,0.0004009007926737574,345,14,4830
australian,2,complexity_l1,raw_tabular,0.0013231666137774785,3.698921415898731e-05,345,14,4830
australian,2,encoding,shared,0.14156836659337083,0.001280950676630455,345,14,4830
australian,2,feature_extraction,imagenet,0.13547006668522954,0.0006734384348757336,345,512,176640
australian,2,hscore,imagenet,0.055276500154286624,0.0004133957238014213,345,512,176640
australian,2,transrate,imagenet,0.009654000028967857,0.00044791160537746046,345,512,176640
australian,2,feature_extraction,random,0.1266593998298049,0.0017878410543731107,345,512,176640
australian,2,hscore,random,0.05532499998807907,0.0011461244196527686,345,512,176640
australian,2,transrate,random,0.010558199975639582,0.0008427240577577838,345,512,176640
australian,3,complexity_22,raw_tabular,0.10755623333776991,0.000948371928759905,345,14,4830
australian,3,complexity_n2,raw_tabular,0.011481833178550005,7.809410841448117e-05,345,14,4830
australian,3,complexity_l1,raw_tabular,0.0013345001886288326,0.0001962232750831031,345,14,4830
australian,3,encoding,shared,0.1412061001174152,0.001268893975246099,345,14,4830
australian,3,feature_extraction,imagenet,0.12958586681634188,0.002553268198068315,345,512,176640
australian,3,hscore,imagenet,0.053720679972320794,0.001102610509537959,345,512,176640
australian,3,transrate,imagenet,0.010465259943157435,0.0013736859460582811,345,512,176640
australian,3,feature_extraction,random,0.12738266680389643,0.0017632321816405362,345,512,176640
australian,3,hscore,random,0.05435804007574916,0.0006110506541162158,345,512,176640
australian,3,transrate,random,0.009711039997637273,0.000378281291665927,345,512,176640
australian,4,complexity_22,raw_tabular,0.11079299993192156,0.0009667046782309705,345,14,4830
australian,4,complexity_n2,raw_tabular,0.012134299923976263,0.0003477617605510223,345,14,4830
australian,4,complexity_l1,raw_tabular,0.0012088998531301816,2.2416300925766466e-05,345,14,4830
australian,4,encoding,shared,0.14263406675308943,0.002762003169370109,345,14,4830
australian,4,feature_extraction,imagenet,0.13684829991931716,0.00014777937540087606,345,512,176640
australian,4,hscore,imagenet,0.05869969995692372,0.001546174087840261,345,512,176640
australian,4,transrate,imagenet,0.010609720181673766,0.0005135094132434911,345,512,176640
australian,4,feature_extraction,random,0.13724386676525077,0.00197226711444916,345,512,176640
australian,4,hscore,random,0.062072899751365186,0.0035479533327842237,345,512,176640
australian,4,transrate,random,0.01051003998145461,0.0005195584624693419,345,512,176640
australian,5,complexity_22,raw_tabular,0.11502706678584218,0.001972795148492796,345,14,4830
australian,5,complexity_n2,raw_tabular,0.012965566633890072,0.00022657772532811327,345,14,4830
australian,5,complexity_l1,raw_tabular,0.0015222998335957527,9.438865820272243e-05,345,14,4830
australian,5,encoding,shared,0.1413875666136543,0.0003451675324085209,345,14,4830
australian,5,feature_extraction,imagenet,0.13135900006939968,0.005463773594194892,345,512,176640
australian,5,hscore,imagenet,0.05448248004540801,0.002319425950718099,345,512,176640
australian,5,transrate,imagenet,0.010041799955070018,0.00046693805021910467,345,512,176640
australian,5,feature_extraction,random,0.13406746663774052,0.0027888166910032914,345,512,176640
australian,5,hscore,random,0.05828441996127367,0.0016203618368801742,345,512,176640
australian,5,transrate,random,0.010662459954619407,0.0003768005885464066,345,512,176640
australian,6,complexity_22,raw_tabular,0.10929456648106377,0.002174135578528068,345,14,4830
australian,6,complexity_n2,raw_tabular,0.01280050010730823,0.00024344359825599553,345,14,4830
australian,6,complexity_l1,raw_tabular,0.0012873997911810875,1.5678092085431638e-05,345,14,4830
australian,6,encoding,shared,0.1420797665293018,0.0006123984298324594,345,14,4830
australian,6,feature_extraction,imagenet,0.1314235000560681,0.003617372922627597,345,512,176640
australian,6,hscore,imagenet,0.05647614002227783,0.001373852292736734,345,512,176640
australian,6,transrate,imagenet,0.009441820066422224,0.00017243950815632846,345,512,176640
australian,6,feature_extraction,random,0.1317891334183514,0.003872950678093159,345,512,176640
australian,6,hscore,random,0.056460079923272136,0.0015052853799094928,345,512,176640
australian,6,transrate,random,0.010043619852513074,0.0005331415951463565,345,512,176640
australian,7,complexity_22,raw_tabular,0.11082116654142737,0.0008286748424746218,345,14,4830
australian,7,complexity_n2,raw_tabular,0.012075566531469425,6.977633083218262e-05,345,14,4830
australian,7,complexity_l1,raw_tabular,0.0012332332941393058,3.58267218803539e-05,345,14,4830
australian,7,encoding,shared,0.13851470003525415,0.00019034650101817626,345,14,4830
australian,7,feature_extraction,imagenet,0.12729136661315957,0.000608694462565115,345,512,176640
australian,7,hscore,imagenet,0.05336124012246728,0.0011056265945622327,345,512,176640
australian,7,transrate,imagenet,0.010047459974884987,0.0003736516529131282,345,512,176640
australian,7,feature_extraction,random,0.1324708666652441,0.0017135145153804677,345,512,176640
australian,7,hscore,random,0.053527940064668655,0.0007344319085434979,345,512,176640
australian,7,transrate,random,0.00961924009025097,0.0003149412636815815,345,512,176640
australian,8,complexity_22,raw_tabular,0.11031123328333099,0.0011529500675551544,345,14,4830
australian,8,complexity_n2,raw_tabular,0.012299933160344759,8.396362803908016e-05,345,14,4830
australian,8,complexity_l1,raw_tabular,0.0016320000092188518,0.000200945210684716,345,14,4830
australian,8,encoding,shared,0.14310836667815843,0.002379519814816685,345,14,4830
australian,8,feature_extraction,imagenet,0.1338378000073135,0.0041144528306708535,345,512,176640
australian,8,hscore,imagenet,0.053572940081357955,0.001585358323392534,345,512,176640
australian,8,transrate,imagenet,0.010553100053220988,0.0010072834167859875,345,512,176640
australian,8,feature_extraction,random,0.1288197667648395,0.0018548797790845734,345,512,176640
australian,8,hscore,random,0.05389670003205538,0.0010949346277891034,345,512,176640
australian,8,transrate,random,0.009938699938356877,0.00032924028760708974,345,512,176640
australian,9,complexity_22,raw_tabular,0.1082799001596868,0.0006598271668619731,345,14,4830
australian,9,complexity_n2,raw_tabular,0.012036833291252455,0.00031100818097842906,345,14,4830
australian,9,complexity_l1,raw_tabular,0.0012480666240056355,2.5824622232996246e-05,345,14,4830
australian,9,encoding,shared,0.1431896664823095,0.0014235999503326364,345,14,4830
australian,9,feature_extraction,imagenet,0.12904183333739638,0.004629183647231207,345,512,176640
australian,9,hscore,imagenet,0.05428111990913749,0.0007067426930445699,345,512,176640
australian,9,transrate,imagenet,0.009853340033441783,0.0003701687535304902,345,512,176640
australian,9,feature_extraction,random,0.12669306667521596,0.00045177759108095116,345,512,176640
australian,9,hscore,random,0.05446782009676099,0.0017707698326538681,345,512,176640
australian,9,transrate,random,0.010231119953095913,0.0007935362280229647,345,512,176640
banknote,0,complexity_22,raw_tabular,0.30840303329750896,0.0010787479499833224,686,4,2744
banknote,0,complexity_n2,raw_tabular,0.020684866855541866,0.00017794270440296483,686,4,2744
banknote,0,complexity_l1,raw_tabular,0.0006376664775113264,4.853091950378158e-05,686,4,2744
banknote,0,encoding,shared,0.26852453329289955,0.004424831721056379,686,4,2744
banknote,0,feature_extraction,imagenet,0.2595913334128757,0.003459288214617019,686,512,351232
banknote,0,hscore,imagenet,0.05768445990979672,0.0012554489711631286,686,512,351232
banknote,0,transrate,imagenet,0.01291003990918398,0.0006689959206788757,686,512,351232
banknote,0,feature_extraction,random,0.25100806665917236,0.0013609632287932298,686,512,351232
banknote,0,hscore,random,0.062062319926917554,0.001226450858962187,686,512,351232
banknote,0,transrate,random,0.012269100081175566,0.000399341913341968,686,512,351232
banknote,1,complexity_22,raw_tabular,0.30571046673382324,0.0005413482550169996,686,4,2744
banknote,1,complexity_n2,raw_tabular,0.020031066766629618,0.0005324615119634977,686,4,2744
banknote,1,complexity_l1,raw_tabular,0.0006142333149909973,8.416074135944117e-06,686,4,2744
banknote,1,encoding,shared,0.268636266545703,0.0031184882967231356,686,4,2744
banknote,1,feature_extraction,imagenet,0.25890833341206115,0.003127816288515423,686,512,351232
banknote,1,hscore,imagenet,0.05794511996209621,0.0012049494841632482,686,512,351232
banknote,1,transrate,imagenet,0.01270329998806119,0.0004039156767765851,686,512,351232
banknote,1,feature_extraction,random,0.2617222334568699,0.00603201901932431,686,512,351232
banknote,1,hscore,random,0.06302105998620391,0.003968583978617933,686,512,351232
banknote,1,transrate,random,0.012539300136268139,0.0004029119743516572,686,512,351232
banknote,2,complexity_22,raw_tabular,0.3032341334037483,0.0009875207662634214,686,4,2744
banknote,2,complexity_n2,raw_tabular,0.020402733236551285,0.0002474231426550871,686,4,2744
banknote,2,complexity_l1,raw_tabular,0.0006303666159510612,1.4307267090336576e-05,686,4,2744
banknote,2,encoding,shared,0.2669791333998243,0.0018101688271899604,686,4,2744
banknote,2,feature_extraction,imagenet,0.26039533332611126,0.0019472829121666535,686,512,351232
banknote,2,hscore,imagenet,0.058688320033252236,0.001399342584258519,686,512,351232
banknote,2,transrate,imagenet,0.013155299983918668,0.0006309394553226062,686,512,351232
banknote,2,feature_extraction,random,0.25890646673118073,0.002930685470094875,686,512,351232
banknote,2,hscore,random,0.061716039944440124,0.0021468467077376528,686,512,351232
banknote,2,transrate,random,0.01394718000665307,0.000778750087212829,686,512,351232
banknote,3,complexity_22,raw_tabular,0.3051250334829092,0.003768024005062383,686,4,2744
banknote,3,complexity_n2,raw_tabular,0.020017099877198536,0.00024328149821197708,686,4,2744
banknote,3,complexity_l1,raw_tabular,0.0007056665296355883,0.00010405566625177422,686,4,2744
banknote,3,encoding,shared,0.27196999996279675,0.006525219112057291,686,4,2744
banknote,3,feature_extraction,imagenet,0.2619796001041929,0.0017629129932309553,686,512,351232
banknote,3,hscore,imagenet,0.058765559922903776,0.001327295517002856,686,512,351232
banknote,3,transrate,imagenet,0.012784679979085922,0.00024431384125543995,686,512,351232
banknote,3,feature_extraction,random,0.26000693331783015,0.010194917709249183,686,512,351232
banknote,3,hscore,random,0.06368230003863573,0.001681650247127028,686,512,351232
banknote,3,transrate,random,0.012455479986965657,0.0005071673259456138,686,512,351232
banknote,4,complexity_22,raw_tabular,0.3108066000665228,0.0028247439478025216,686,4,2744
banknote,4,complexity_n2,raw_tabular,0.020191466435790062,0.0001945988048068491,686,4,2744
banknote,4,complexity_l1,raw_tabular,0.0006948666026194891,9.203418031309449e-05,686,4,2744
banknote,4,encoding,shared,0.27597313343236846,0.0010489382092489566,686,4,2744
banknote,4,feature_extraction,imagenet,0.26609803332636756,0.006316578823518142,686,512,351232
banknote,4,hscore,imagenet,0.05809929994866252,0.0003238018908249715,686,512,351232
banknote,4,transrate,imagenet,0.012752180080860853,0.0005760194426046694,686,512,351232
banknote,4,feature_extraction,random,0.2611349664318065,0.0023182813373842015,686,512,351232
banknote,4,hscore,random,0.061894900072366,0.0006847851739388072,686,512,351232
banknote,4,transrate,random,0.012456780020147561,0.0001802987862445477,686,512,351232
banknote,5,complexity_22,raw_tabular,0.3063200665637851,0.004277098967280422,686,4,2744
banknote,5,complexity_n2,raw_tabular,0.021419233332077663,0.0003344327449406031,686,4,2744
banknote,5,complexity_l1,raw_tabular,0.0007212331208089987,0.00010106964202779989,686,4,2744
banknote,5,encoding,shared,0.2745405666840573,0.006531597017940416,686,4,2744
banknote,5,feature_extraction,imagenet,0.26174446661025286,0.0020471223342070884,686,512,351232
banknote,5,hscore,imagenet,0.058239079918712376,0.0006165294141841452,686,512,351232
banknote,5,transrate,imagenet,0.013437460083514452,0.001300466004492646,686,512,351232
banknote,5,feature_extraction,random,0.2561704333250721,0.0005854731860556462,686,512,351232
banknote,5,hscore,random,0.06407303996384144,0.000750815220643086,686,512,351232
banknote,5,transrate,random,0.013265039958059787,0.0005080772182034404,686,512,351232
banknote,6,complexity_22,raw_tabular,0.3078797000149886,0.001788636449285829,686,4,2744
banknote,6,complexity_n2,raw_tabular,0.019835200005521376,0.00039822710607533425,686,4,2744
banknote,6,complexity_l1,raw_tabular,0.0006604666511217753,6.711394202704154e-05,686,4,2744
banknote,6,encoding,shared,0.2646730998530984,0.0015425119278883773,686,4,2744
banknote,6,feature_extraction,imagenet,0.2711923667229712,0.006878588386533827,686,512,351232
banknote,6,hscore,imagenet,0.06014470001682639,0.0015227841190954227,686,512,351232
banknote,6,transrate,imagenet,0.012700479943305254,0.0004910009085261122,686,512,351232
banknote,6,feature_extraction,random,0.2631773000272612,0.003366952308588989,686,512,351232
banknote,6,hscore,random,0.06169353993609548,0.0010419545074377293,686,512,351232
banknote,6,transrate,random,0.012644459959119558,0.00037438793401195036,686,512,351232
banknote,7,complexity_22,raw_tabular,0.3085016001326342,0.0010493520111213982,686,4,2744
banknote,7,complexity_n2,raw_tabular,0.02060846658423543,0.0006448467329896006,686,4,2744
banknote,7,complexity_l1,raw_tabular,0.0006209999943772951,1.8154980582363646e-05,686,4,2744
banknote,7,encoding,shared,0.26892106669644517,0.002110731304908871,686,4,2744
banknote,7,feature_extraction,imagenet,0.2669253999677797,0.013086616270881913,686,512,351232
banknote,7,hscore,imagenet,0.061335640121251346,0.0004352435856641838,686,512,351232
banknote,7,transrate,imagenet,0.01303057987242937,0.0009776038969918396,686,512,351232
banknote,7,feature_extraction,random,0.25825243334596354,0.004869552877736706,686,512,351232
banknote,7,hscore,random,0.06467468002811075,0.0036553388408388362,686,512,351232
banknote,7,transrate,random,0.012693619821220636,0.000366198079248271,686,512,351232
banknote,8,complexity_22,raw_tabular,0.30893680003161234,0.003021654403338722,686,4,2744
banknote,8,complexity_n2,raw_tabular,0.02080386644229293,0.00019211124240246883,686,4,2744
banknote,8,complexity_l1,raw_tabular,0.0006151000658671061,3.2070743402010485e-05,686,4,2744
banknote,8,encoding,shared,0.29998859980454046,0.04313460901644234,686,4,2744
banknote,8,feature_extraction,imagenet,0.2703384665461878,0.00938552409801019,686,512,351232
banknote,8,hscore,imagenet,0.05983534008264542,0.000655885632388767,686,512,351232
banknote,8,transrate,imagenet,0.01262318016961217,0.00051669250192033,686,512,351232
banknote,8,feature_extraction,random,0.25128140005593497,0.004322754084200674,686,512,351232
banknote,8,hscore,random,0.060922099929302934,0.0012151614750264975,686,512,351232
banknote,8,transrate,random,0.012246560025960206,5.4701198526512893e-05,686,512,351232
banknote,9,complexity_22,raw_tabular,0.31031200010329485,0.0036223117546393493,686,4,2744
banknote,9,complexity_n2,raw_tabular,0.020767400041222572,0.00034193251376980315,686,4,2744
banknote,9,complexity_l1,raw_tabular,0.0006803668414553007,3.790042884528385e-05,686,4,2744
banknote,9,encoding,shared,0.27178673337524134,0.00044907131768670626,686,4,2744
banknote,9,feature_extraction,imagenet,0.2548289999055366,0.0045912620292973124,686,512,351232
banknote,9,hscore,imagenet,0.05870340000838041,0.0012192258811626112,686,512,351232
banknote,9,transrate,imagenet,0.012658299878239632,0.0005151969848314504,686,512,351232
banknote,9,feature_extraction,random,0.24977526674047112,0.0009162238592253249,686,512,351232
banknote,9,hscore,random,0.06060906006023288,0.0011383327516669697,686,512,351232
banknote,9,transrate,random,0.012815720029175281,0.0013484328099002023,686,512,351232
breastcancoimbra,0,complexity_22,raw_tabular,0.013056466666360697,0.0003664926579466525,58,9,522
breastcancoimbra,0,complexity_n2,raw_tabular,0.0002503334544599056,7.606124321166504e-05,58,9,522
breastcancoimbra,0,complexity_l1,raw_tabular,0.0005351998843252659,1.964797540801953e-05,58,9,522
breastcancoimbra,0,encoding,shared,0.05705760000273585,0.045479774142074006,58,9,522
breastcancoimbra,0,feature_extraction,imagenet,0.022131599796315033,0.0005637201773222042,58,512,29696
breastcancoimbra,0,hscore,imagenet,0.05174516001716256,0.00361183292268242,58,512,29696
breastcancoimbra,0,transrate,imagenet,0.007622859999537468,0.00027737781248312926,58,512,29696
breastcancoimbra,0,feature_extraction,random,0.02187119998658697,0.0004408006982786071,58,512,29696
breastcancoimbra,0,hscore,random,0.04936939990147948,0.0008672437723623379,58,512,29696
breastcancoimbra,0,transrate,random,0.008468119986355304,0.000789355030257081,58,512,29696
breastcancoimbra,1,complexity_22,raw_tabular,0.012592299996564785,9.944881577630226e-05,58,9,522
breastcancoimbra,1,complexity_n2,raw_tabular,0.0001823666195074717,2.430699713183205e-06,58,9,522
breastcancoimbra,1,complexity_l1,raw_tabular,0.0005221332733829817,5.11627499481988e-06,58,9,522
breastcancoimbra,1,encoding,shared,0.02526340012749036,0.00031022837375454664,58,9,522
breastcancoimbra,1,feature_extraction,imagenet,0.022251699895908434,0.0008578875095948697,58,512,29696
breastcancoimbra,1,hscore,imagenet,0.04967775996774435,0.0008220585109594211,58,512,29696
breastcancoimbra,1,transrate,imagenet,0.008025860041379928,0.0004748416460961871,58,512,29696
breastcancoimbra,1,feature_extraction,random,0.02201019988084833,0.000445358135789548,58,512,29696
breastcancoimbra,1,hscore,random,0.05063985995948315,0.001053911172254736,58,512,29696
breastcancoimbra,1,transrate,random,0.008603899925947189,0.000741545244003464,58,512,29696
breastcancoimbra,2,complexity_22,raw_tabular,0.013452666811645031,0.0001979530459769919,58,9,522
breastcancoimbra,2,complexity_n2,raw_tabular,0.00018406659364700317,1.8207725921335717e-06,58,9,522
breastcancoimbra,2,complexity_l1,raw_tabular,0.0005750333269437154,0.00011897177770062206,58,9,522
breastcancoimbra,2,encoding,shared,0.024952566872040432,0.0003523366055093621,58,9,522
breastcancoimbra,2,feature_extraction,imagenet,0.027106499920288723,0.0018995020589438175,58,512,29696
breastcancoimbra,2,hscore,imagenet,0.050946700107306245,0.0005423681360748612,58,512,29696
breastcancoimbra,2,transrate,imagenet,0.008069959934800863,0.0003391929427561861,58,512,29696
breastcancoimbra,2,feature_extraction,random,0.022462166690578062,0.0009574280897652055,58,512,29696
breastcancoimbra,2,hscore,random,0.04914497993886471,0.0015061107550198263,58,512,29696
breastcancoimbra,2,transrate,random,0.008003719989210368,0.0002797002182888492,58,512,29696
breastcancoimbra,3,complexity_22,raw_tabular,0.01274336657176415,0.0001201977109296461,58,9,522
breastcancoimbra,3,complexity_n2,raw_tabular,0.00018903333693742752,7.340616591865889e-06,58,9,522
breastcancoimbra,3,complexity_l1,raw_tabular,0.0005456334911286831,7.523406876422562e-06,58,9,522
breastcancoimbra,3,encoding,shared,0.025051566461722057,0.0006876789621459799,58,9,522
breastcancoimbra,3,feature_extraction,imagenet,0.022577599932750065,0.0002562299270225914,58,512,29696
breastcancoimbra,3,hscore,imagenet,0.04985444014891982,0.0011755430160168905,58,512,29696
breastcancoimbra,3,transrate,imagenet,0.009232999943196773,0.0010933386487926614,58,512,29696
breastcancoimbra,3,feature_extraction,random,0.021835966501384974,4.805774801617964e-05,58,512,29696
breastcancoimbra,3,hscore,random,0.04915993995964527,0.0019968346742176035,58,512,29696
breastcancoimbra,3,transrate,random,0.009434940014034509,0.001767508744975872,58,512,29696
breastcancoimbra,4,complexity_22,raw_tabular,0.012435500044375658,7.252726348608711e-05,58,9,522
breastcancoimbra,4,complexity_n2,raw_tabular,0.0001854331543048223,8.390954605879815e-06,58,9,522
breastcancoimbra,4,complexity_l1,raw_tabular,0.0005335334377984206,1.3010420731208227e-05,58,9,522
breastcancoimbra,4,encoding,shared,0.025202966605623562,0.0003572689223500492,58,9,522
breastcancoimbra,4,feature_extraction,imagenet,0.02175313342983524,0.0002493883779382095,58,512,29696
breastcancoimbra,4,hscore,imagenet,0.047967900056391954,0.001280259736115188,58,512,29696
breastcancoimbra,4,transrate,imagenet,0.00796462008729577,0.000277251969151924,58,512,29696
breastcancoimbra,4,feature_extraction,random,0.02184286682556073,0.00038509551772969333,58,512,29696
breastcancoimbra,4,hscore,random,0.049430180061608556,0.0010029835932975396,58,512,29696
breastcancoimbra,4,transrate,random,0.008555940072983503,0.0007648020129162554,58,512,29696
breastcancoimbra,5,complexity_22,raw_tabular,0.012660033535212278,0.0003770040468556642,58,9,522
breastcancoimbra,5,complexity_n2,raw_tabular,0.00018423314516743025,7.759733661337579e-06,58,9,522
breastcancoimbra,5,complexity_l1,raw_tabular,0.0005300333723425865,1.2916356396412883e-05,58,9,522
breastcancoimbra,5,encoding,shared,0.02452459993461768,0.0006851723103395011,58,9,522
breastcancoimbra,5,feature_extraction,imagenet,0.021857233407596748,0.0004523234232927741,58,512,29696
breastcancoimbra,5,hscore,imagenet,0.04841816006228328,0.001770931608118713,58,512,29696
breastcancoimbra,5,transrate,imagenet,0.008762400038540364,0.0015384195259769485,58,512,29696
breastcancoimbra,5,feature_extraction,random,0.021856900149335463,0.00020427204245940857,58,512,29696
breastcancoimbra,5,hscore,random,0.050303100049495696,0.0016638793720683005,58,512,29696
breastcancoimbra,5,transrate,random,0.008078480139374733,0.00034037906388953995,58,512,29696
breastcancoimbra,6,complexity_22,raw_tabular,0.012441966527452072,0.0002612320668796971,58,9,522
breastcancoimbra,6,complexity_n2,raw_tabular,0.0001875332867105802,6.375001351432864e-06,58,9,522
breastcancoimbra,6,complexity_l1,raw_tabular,0.0005355332978069782,3.127878268726405e-05,58,9,522
breastcancoimbra,6,encoding,shared,0.02428690002610286,8.017199479654613e-05,58,9,522
breastcancoimbra,6,feature_extraction,imagenet,0.023281433309117954,0.0017307181734863345,58,512,29696
breastcancoimbra,6,hscore,imagenet,0.04843426002189517,0.0012820702455358097,58,512,29696
breastcancoimbra,6,transrate,imagenet,0.008278940152376891,0.0006553162460868464,58,512,29696
breastcancoimbra,6,feature_extraction,random,0.022623933230837185,0.0013993987227422565,58,512,29696
breastcancoimbra,6,hscore,random,0.050208779890090226,0.0007798828544923582,58,512,29696
breastcancoimbra,6,transrate,random,0.008681360073387623,0.0016001661743927462,58,512,29696
breastcancoimbra,7,complexity_22,raw_tabular,0.013794333208352327,0.00015479370238979497,58,9,522
breastcancoimbra,7,complexity_n2,raw_tabular,0.0002463667963941892,4.515562512614787e-05,58,9,522
breastcancoimbra,7,complexity_l1,raw_tabular,0.0005308333784341812,1.1396749647389919e-05,58,9,522
breastcancoimbra,7,encoding,shared,0.024072566845764715,0.0002663143850122185,58,9,522
breastcancoimbra,7,feature_extraction,imagenet,0.021711533268292744,0.0002794012209771604,58,512,29696
breastcancoimbra,7,hscore,imagenet,0.04961085999384522,0.0004893935973450119,58,512,29696
breastcancoimbra,7,transrate,imagenet,0.008909079991281033,0.001061007066005469,58,512,29696
breastcancoimbra,7,feature_extraction,random,0.021890633273869753,0.0003629087464025677,58,512,29696
breastcancoimbra,7,hscore,random,0.04855960011482239,0.00150354475047762,58,512,29696
breastcancoimbra,7,transrate,random,0.008163459971547127,0.0003552918294578952,58,512,29696
breastcancoimbra,8,complexity_22,raw_tabular,0.01276016654446721,6.747896796721694e-05,58,9,522
breastcancoimbra,8,complexity_n2,raw_tabular,0.00018726661801338196,6.097255129064247e-06,58,9,522
breastcancoimbra,8,complexity_l1,raw_tabular,0.0005537667311728001,7.807997302582004e-06,58,9,522
breastcancoimbra,8,encoding,shared,0.02396403330688675,0.00013957665764079597,58,9,522
breastcancoimbra,8,feature_extraction,imagenet,0.022054966694364946,0.00017146445347123457,58,512,29696
breastcancoimbra,8,hscore,imagenet,0.050855439994484185,0.0012012024283716005,58,512,29696
breastcancoimbra,8,transrate,imagenet,0.009312920086085797,0.0016060146520584086,58,512,29696
breastcancoimbra,8,feature_extraction,random,0.025324366831531126,0.0028367092296092424,58,512,29696
breastcancoimbra,8,hscore,random,0.04873935980722308,0.0015748060470131043,58,512,29696
breastcancoimbra,8,transrate,random,0.008997220173478126,0.001189400956848276,58,512,29696
breastcancoimbra,9,complexity_22,raw_tabular,0.013041666708886623,9.46596519683777e-05,58,9,522
breastcancoimbra,9,complexity_n2,raw_tabular,0.0001810002140700817,2.3339103832965605e-06,58,9,522
breastcancoimbra,9,complexity_l1,raw_tabular,0.0006455999488631884,1.0579205708975595e-05,58,9,522
breastcancoimbra,9,encoding,shared,0.023814800040175516,0.00026289933544329893,58,9,522
breastcancoimbra,9,feature_extraction,imagenet,0.027845699960986774,0.00281820646643643,58,512,29696
breastcancoimbra,9,hscore,imagenet,0.05013981992378831,0.0014705314737589088,58,512,29696
breastcancoimbra,9,transrate,imagenet,0.00818942002952099,0.00016686452482561322,58,512,29696
breastcancoimbra,9,feature_extraction,random,0.022920799907296896,0.0005715651441840738,58,512,29696
breastcancoimbra,9,hscore,random,0.053147880081087354,0.004569886705282492,58,512,29696
breastcancoimbra,9,transrate,random,0.007959659956395627,0.00020400665817191813,58,512,29696
cryotherapy,0,complexity_22,raw_tabular,0.009896166622638702,0.00011071770995143464,45,6,270
cryotherapy,0,complexity_n2,raw_tabular,0.00012429989874362946,6.1821930602342195e-06,45,6,270
cryotherapy,0,complexity_l1,raw_tabular,0.0005163333068291346,1.6705230959659506e-05,45,6,270
cryotherapy,0,encoding,shared,0.018965366451690596,0.0002809750490262818,45,6,270
cryotherapy,0,feature_extraction,imagenet,0.01920786655197541,0.002663375470602632,45,512,23040
cryotherapy,0,hscore,imagenet,0.051002780068665744,0.0011111960904470449,45,512,23040
cryotherapy,0,transrate,imagenet,0.008669439982622863,0.001426029340381742,45,512,23040
cryotherapy,0,feature_extraction,random,0.021935033456732828,0.0002903135366408924,45,512,23040
cryotherapy,0,hscore,random,0.050347699970006946,0.0009859585215957426,45,512,23040
cryotherapy,0,transrate,random,0.008758619986474514,0.001098171178663137,45,512,23040
cryotherapy,1,complexity_22,raw_tabular,0.009695300056288639,4.503250370178697e-05,45,6,270
cryotherapy,1,complexity_n2,raw_tabular,0.00012069987133145332,2.557370949524296e-06,45,6,270
cryotherapy,1,complexity_l1,raw_tabular,0.000487733477105697,4.858153511886922e-06,45,6,270
cryotherapy,1,encoding,shared,0.018625233167161543,0.00030208761467292924,45,6,270
cryotherapy,1,feature_extraction,imagenet,0.022363266597191494,0.00023974467435845838,45,512,23040
cryotherapy,1,hscore,imagenet,0.04983836002647877,0.0016534366140323576,45,512,23040
cryotherapy,1,transrate,imagenet,0.008808360248804093,0.000712739246614468,45,512,23040
cryotherapy,1,feature_extraction,random,0.02108833333477378,0.0010366418820956917,45,512,23040
cryotherapy,1,hscore,random,0.050392920058220624,0.001088075120808968,45,512,23040
cryotherapy,1,transrate,random,0.008078199997544288,0.00047227795976813634,45,512,23040
cryotherapy,2,complexity_22,raw_tabular,0.009819199951986471,6.313695451587727e-05,45,6,270
cryotherapy,2,complexity_n2,raw_tabular,0.0001277333746353785,1.0231023958145293e-05,45,6,270
cryotherapy,2,complexity_l1,raw_tabular,0.00048663342992464703,2.0021381647741896e-05,45,6,270
cryotherapy,2,encoding,shared,0.018495266636212666,2.2692537703824658e-05,45,6,270
cryotherapy,2,feature_extraction,imagenet,0.019820033106952906,0.0024961267016173224,45,512,23040
cryotherapy,2,hscore,imagenet,0.04980823993682861,0.0016014701153836532,45,512,23040
cryotherapy,2,transrate,imagenet,0.008168139960616827,0.00034010799099246975,45,512,23040
cryotherapy,2,feature_extraction,random,0.020499466607968014,0.0019078060696077464,45,512,23040
cryotherapy,2,hscore,random,0.05027756001800299,0.001201889389397661,45,512,23040
cryotherapy,2,transrate,random,0.007915560062974692,0.00029233419124553666,45,512,23040
cryotherapy,3,complexity_22,raw_tabular,0.010611733266462883,0.0003545998924413946,45,6,270
cryotherapy,3,complexity_n2,raw_tabular,0.0001247000570098559,7.849707741787104e-06,45,6,270
cryotherapy,3,complexity_l1,raw_tabular,0.0005393334043522676,6.984950631614224e-05,45,6,270
cryotherapy,3,encoding,shared,0.01890129999568065,0.0003933957516270794,45,6,270
cryotherapy,3,feature_extraction,imagenet,0.016322300148506958,0.0003972973228748379,45,512,23040
cryotherapy,3,hscore,imagenet,0.05203417995944619,0.00042838495547823383,45,512,23040
cryotherapy,3,transrate,imagenet,0.008521080017089844,0.0005975621682867975,45,512,23040
cryotherapy,3,feature_extraction,random,0.01871926663443446,0.00217570778096989,45,512,23040
cryotherapy,3,hscore,random,0.05033959997817874,0.0014229560052426227,45,512,23040
cryotherapy,3,transrate,random,0.008194039948284626,0.0005314475770800788,45,512,23040
cryotherapy,4,complexity_22,raw_tabular,0.009604499985774359,0.00012368387651427688,45,6,270
cryotherapy,4,complexity_n2,raw_tabular,0.00012269988656044006,3.1155761088324293e-06,45,6,270
cryotherapy,4,complexity_l1,raw_tabular,0.0004935998780031999,6.805822161497631e-06,45,6,270
cryotherapy,4,encoding,shared,0.019111566555996735,0.0006004032372222037,45,6,270
cryotherapy,4,feature_extraction,imagenet,0.016802433257301647,0.0005695376836059586,45,512,23040
cryotherapy,4,hscore,imagenet,0.04995064018294215,0.0017804157580530331,45,512,23040
cryotherapy,4,transrate,imagenet,0.008443520031869411,0.0007270481225751689,45,512,23040
cryotherapy,4,feature_extraction,random,0.019274466671049595,0.0027279696643435635,45,512,23040
cryotherapy,4,hscore,random,0.0499716398306191,0.001812056220474828,45,512,23040
cryotherapy,4,transrate,random,0.007970239967107773,0.0002771134527059034,45,512,23040
cryotherapy,5,complexity_22,raw_tabular,0.0099586999664704,6.241335636721775e-05,45,6,270
cryotherapy,5,complexity_n2,raw_tabular,0.00012503331527113914,4.711945565326124e-06,45,6,270
cryotherapy,5,complexity_l1,raw_tabular,0.0004923666516939799,2.085404186619683e-05,45,6,270
cryotherapy,5,encoding,shared,0.018306800164282322,0.00015133086988206943,45,6,270
cryotherapy,5,feature_extraction,imagenet,0.01653370012839635,0.0004306888496774587,45,512,23040
cryotherapy,5,hscore,imagenet,0.04997697984799743,0.0016385423738030063,45,512,23040
cryotherapy,5,transrate,imagenet,0.00814699986949563,0.00043777307133652206,45,512,23040
cryotherapy,5,feature_extraction,random,0.017017266402641933,0.00044850866253231793,45,512,23040
cryotherapy,5,hscore,random,0.050519519951194525,0.0008278630792633292,45,512,23040
cryotherapy,5,transrate,random,0.00785309998318553,0.0004101934140678817,45,512,23040
cryotherapy,6,complexity_22,raw_tabular,0.00978979996095101,7.609098351999053e-05,45,6,270
cryotherapy,6,complexity_n2,raw_tabular,0.00012633344158530235,5.3107362370357e-06,45,6,270
cryotherapy,6,complexity_l1,raw_tabular,0.0004804331498841445,7.492868423683627e-06,45,6,270
cryotherapy,6,encoding,shared,0.01852966674293081,0.00027034400915062833,45,6,270
cryotherapy,6,feature_extraction,imagenet,0.017821466860671837,0.0007949071465120763,45,512,23040
cryotherapy,6,hscore,imagenet,0.051881300006061795,0.000416107418406295,45,512,23040
cryotherapy,6,transrate,imagenet,0.0077275998890399935,0.000325132595614857,45,512,23040
cryotherapy,6,feature_extraction,random,0.01662863340849678,0.0004849379338050073,45,512,23040
cryotherapy,6,hscore,random,0.05088898027315736,0.0004311783576079696,45,512,23040
cryotherapy,6,transrate,random,0.00799024011939764,0.0003065416577320518,45,512,23040
cryotherapy,7,complexity_22,raw_tabular,0.009897066745907068,0.00011511858224050592,45,6,270
cryotherapy,7,complexity_n2,raw_tabular,0.0001285332255065441,8.073212511523477e-06,45,6,270
cryotherapy,7,complexity_l1,raw_tabular,0.0005121335076789061,1.452565988790887e-05,45,6,270
cryotherapy,7,encoding,shared,0.01849520004664858,0.0002781249077871025,45,6,270
cryotherapy,7,feature_extraction,imagenet,0.016486099765946467,0.0004392976589615978,45,512,23040
cryotherapy,7,hscore,imagenet,0.04953969987109304,0.0016591618813589473,45,512,23040
cryotherapy,7,transrate,imagenet,0.008522339817136525,0.0012527004519377921,45,512,23040
cryotherapy,7,feature_extraction,random,0.01632883322114746,0.0002512310070241611,45,512,23040
cryotherapy,7,hscore,random,0.05084044001996517,0.0013898009714645196,45,512,23040
cryotherapy,7,transrate,random,0.008451620023697615,0.0008089736127923195,45,512,23040
cryotherapy,8,complexity_22,raw_tabular,0.009585066543271145,3.4086421499213115e-05,45,6,270
cryotherapy,8,complexity_n2,raw_tabular,0.0001242666815718015,5.966718063757309e-06,45,6,270
cryotherapy,8,complexity_l1,raw_tabular,0.000491166797777017,3.088666594726749e-05,45,6,270
cryotherapy,8,encoding,shared,0.018515266788502533,0.00012354209792459774,45,6,270
cryotherapy,8,feature_extraction,imagenet,0.01627876687174042,0.00012158959690345577,45,512,23040
cryotherapy,8,hscore,imagenet,0.05012107994407415,0.0017730739303237978,45,512,23040
cryotherapy,8,transrate,imagenet,0.008099920023232699,0.0008500656615243927,45,512,23040
cryotherapy,8,feature_extraction,random,0.016307400073856115,0.00012077596689108622,45,512,23040
cryotherapy,8,hscore,random,0.05169314006343484,0.0006530648006518555,45,512,23040
cryotherapy,8,transrate,random,0.009505659900605678,0.00182531601545849,45,512,23040
cryotherapy,9,complexity_22,raw_tabular,0.00996396675085028,0.00017692174827747378,45,6,270
cryotherapy,9,complexity_n2,raw_tabular,0.0001268667789796988,1.0116049100895732e-05,45,6,270
cryotherapy,9,complexity_l1,raw_tabular,0.0005403999239206314,1.9309136895653106e-05,45,6,270
cryotherapy,9,encoding,shared,0.01844496683528026,6.686633837447215e-05,45,6,270
cryotherapy,9,feature_extraction,imagenet,0.016229799948632717,0.00020251338599540722,45,512,23040
cryotherapy,9,hscore,imagenet,0.04961145995184779,0.0013335664714781677,45,512,23040
cryotherapy,9,transrate,imagenet,0.008170120045542717,0.0005902793855555794,45,512,23040
cryotherapy,9,feature_extraction,random,0.016223900020122528,0.00027808177039874134,45,512,23040
cryotherapy,9,hscore,random,0.05202778000384569,0.0004402833878534648,45,512,23040
cryotherapy,9,transrate,random,0.007872740086168051,0.0004644695079708939,45,512,23040
german,0,complexity_22,raw_tabular,0.2746734665706754,0.010020105441582956,500,24,12000
german,0,complexity_n2,raw_tabular,0.02503053331747651,5.365405481319888e-05,500,24,12000
german,0,complexity_l1,raw_tabular,0.0021215669500331082,8.707792645722353e-05,500,24,12000
german,0,encoding,shared,0.20057226655383906,0.0007116396498852502,500,24,12000
german,0,feature_extraction,imagenet,0.18987476670493683,0.010300106512366547,500,512,256000
german,0,hscore,imagenet,0.06027835998684168,0.00031573658655884956,500,512,256000
german,0,transrate,imagenet,0.011741140019148588,0.0012101564060248596,500,512,256000
german,0,feature_extraction,random,0.18454453333591422,0.008830967199804484,500,512,256000
german,0,hscore,random,0.05745352003723383,0.0008483122345886754,500,512,256000
german,0,transrate,random,0.01334383999928832,0.004831539112224057,500,512,256000
german,1,complexity_22,raw_tabular,0.2578836333317061,0.002508068689434784,500,24,12000
german,1,complexity_n2,raw_tabular,0.0254273001725475,0.00029853755347339757,500,24,12000
german,1,complexity_l1,raw_tabular,0.0023347334936261177,3.314317796265769e-05,500,24,12000
german,1,encoding,shared,0.20750450001408657,0.0030520303372575867,500,24,12000
german,1,feature_extraction,imagenet,0.18184959997112551,0.0043356292071299145,500,512,256000
german,1,hscore,imagenet,0.055844280123710635,0.00047275604936882984,500,512,256000
german,1,transrate,imagenet,0.012394060008227825,0.0013393086550100733,500,512,256000
german,1,feature_extraction,random,0.17853683341915408,0.0020945249930907186,500,512,256000
german,1,hscore,random,0.05807340005412698,0.0009701596514143648,500,512,256000
german,1,transrate,random,0.012057559937238694,0.0006027249858168155,500,512,256000
german,2,complexity_22,raw_tabular,0.2628435666362445,0.0022435048550652984,500,24,12000
german,2,complexity_n2,raw_tabular,0.025489533009628456,0.0003624774757068069,500,24,12000
german,2,complexity_l1,raw_tabular,0.002381466794759035,4.442178877634943e-05,500,24,12000
german,2,encoding,shared,0.20659483317285776,0.0018562874810945618,500,24,12000
german,2,feature_extraction,imagenet,0.17848146691297492,0.004376604910804412,500,512,256000
german,2,hscore,imagenet,0.05589242009446025,0.0017722759211963946,500,512,256000
german,2,transrate,imagenet,0.010566580016165972,0.0003043790340175799,500,512,256000
german,2,feature_extraction,random,0.17405253338317075,0.0006356067304838277,500,512,256000
german,2,hscore,random,0.05891832001507282,0.0012288956104580852,500,512,256000
german,2,transrate,random,0.013582580070942641,0.0016889244766565737,500,512,256000
german,3,complexity_22,raw_tabular,0.26022846655299264,0.0013915978118241902,500,24,12000
german,3,complexity_n2,raw_tabular,0.024888566539933283,0.00027404588671167294,500,24,12000
german,3,complexity_l1,raw_tabular,0.00246219988912344,7.567428851962848e-05,500,24,12000
german,3,encoding,shared,0.20087199999640384,0.0021163680126992236,500,24,12000
german,3,feature_extraction,imagenet,0.17596043351416787,0.0021520954286878085,500,512,256000
german,3,hscore,imagenet,0.05744598023593426,0.0004395308200514445,500,512,256000
german,3,transrate,imagenet,0.011911880038678647,0.0017684211283526426,500,512,256000
german,3,feature_extraction,random,0.17673663329333067,0.002047249948162884,500,512,256000
german,3,hscore,random,0.05819310005754232,0.00151228731398238,500,512,256000
german,3,transrate,random,0.013835659995675088,0.0028698571999885535,500,512,256000
german,4,complexity_22,raw_tabular,0.2616245332174003,0.0011550052887130788,500,24,12000
german,4,complexity_n2,raw_tabular,0.025188333354890347,0.00010235293252592204,500,24,12000
german,4,complexity_l1,raw_tabular,0.002814066751549641,0.0001671661250249012,500,24,12000
german,4,encoding,shared,0.2007410665974021,0.002289540259157636,500,24,12000
german,4,feature_extraction,imagenet,0.1774649665070077,0.003693126283901007,500,512,256000
german,4,hscore,imagenet,0.05674232002347708,0.0005415765620735638,500,512,256000
german,4,transrate,imagenet,0.010708560049533845,0.00025895361809423294,500,512,256000
german,4,feature_extraction,random,0.17709016675750414,0.0023826177127223964,500,512,256000
german,4,hscore,random,0.05745238000527024,0.00028974191440811383,500,512,256000
german,4,transrate,random,0.011875059828162194,0.0011713450838815153,500,512,256000
german,5,complexity_22,raw_tabular,0.2585208999613921,0.0023617185333008202,500,24,12000
german,5,complexity_n2,raw_tabular,0.02538590009013812,0.00010910996405782629,500,24,12000
german,5,complexity_l1,raw_tabular,0.0020745000801980495,4.751453328394768e-05,500,24,12000
german,5,encoding,shared,0.20174689994504055,0.001335930057696715,500,24,12000
german,5,feature_extraction,imagenet,0.18506186672796807,0.00812271378141174,500,512,256000
german,5,hscore,imagenet,0.055461420025676486,0.0014708946830018204,500,512,256000
german,5,transrate,imagenet,0.011383600067347288,0.00042122220595390244,500,512,256000
german,5,feature_extraction,random,0.17893576668575406,0.0034668108820450293,500,512,256000
german,5,hscore,random,0.05814479999244213,0.0005906171179807854,500,512,256000
german,5,transrate,random,0.013195800129324198,0.003795307181036114,500,512,256000
german,6,complexity_22,raw_tabular,0.26394166657701135,0.0010007709479939403,500,24,12000
german,6,complexity_n2,raw_tabular,0.026263666804879904,0.0004881808131601209,500,24,12000
german,6,complexity_l1,raw_tabular,0.0025404333136975765,0.0002539067507559381,500,24,12000
german,6,encoding,shared,0.20340306668852767,0.0009127463665517404,500,24,12000
german,6,feature_extraction,imagenet,0.19385536682481566,0.003166270273635758,500,512,256000
german,6,hscore,imagenet,0.05628367997705937,0.0014650605527423944,500,512,256000
german,6,transrate,imagenet,0.01107850018888712,0.0002329788664199932,500,512,256000
german,6,feature_extraction,random,0.1881741665614148,0.0016937387265311319,500,512,256000
german,6,hscore,random,0.06001156000420451,0.001798370989455264,500,512,256000
german,6,transrate,random,0.0109880399890244,0.00013258642227177426,500,512,256000
german,7,complexity_22,raw_tabular,0.25779373322923976,0.0010261282302342458,500,24,12000
german,7,complexity_n2,raw_tabular,0.026054400019347668,0.0007714817277941057,500,24,12000
german,7,complexity_l1,raw_tabular,0.0020040666374067464,4.1226511742240646e-05,500,24,12000
german,7,encoding,shared,0.20189590007066727,0.00263561474069253,500,24,12000
german,7,feature_extraction,imagenet,0.17378896661102772,0.0007082637241062126,500,512,256000
german,7,hscore,imagenet,0.05469373995438218,0.0012341360398718656,500,512,256000
german,7,transrate,imagenet,0.012086759880185127,0.0016521566960356793,500,512,256000
german,7,feature_extraction,random,0.17763553311427435,0.0029599328551817385,500,512,256000
german,7,hscore,random,0.05607431996613741,0.0013015846159092862,500,512,256000
german,7,transrate,random,0.010717580001801253,0.00039935726646519814,500,512,256000
german,8,complexity_22,raw_tabular,0.2600916664426525,0.0023796224287412717,500,24,12000
german,8,complexity_n2,raw_tabular,0.024921166555335123,1.2643239677267832e-05,500,24,12000
german,8,complexity_l1,raw_tabular,0.0020942666257421174,5.702596472465205e-05,500,24,12000
german,8,encoding,shared,0.2046561335834364,0.0026090016176720195,500,24,12000
german,8,feature_extraction,imagenet,0.17698850017040968,0.004030189472944658,500,512,256000
german,8,hscore,imagenet,0.05512767992913723,0.0007585095847295003,500,512,256000
german,8,transrate,imagenet,0.010830079950392247,0.0007728111499950567,500,512,256000
german,8,feature_extraction,random,0.17541076677540937,0.0024434531662184083,500,512,256000
german,8,hscore,random,0.05703144017606974,0.000847525121763822,500,512,256000
german,8,transrate,random,0.013857500068843365,0.0030138670553477424,500,512,256000
german,9,complexity_22,raw_tabular,0.2616688668106993,0.0027001024778546528,500,24,12000
german,9,complexity_n2,raw_tabular,0.025695799849927425,0.0005372554387306395,500,24,12000
german,9,complexity_l1,raw_tabular,0.0024016999329129853,3.568789200421406e-05,500,24,12000
german,9,encoding,shared,0.20296829985454679,0.0007391641002917887,500,24,12000
german,9,feature_extraction,imagenet,0.17536586678276458,0.0018181798403727005,500,512,256000
german,9,hscore,imagenet,0.05580003997310996,0.0003799878850897917,500,512,256000
german,9,transrate,imagenet,0.013018759991973638,0.0032166833888807376,500,512,256000
german,9,feature_extraction,random,0.1744984001852572,0.0011907496093831642,500,512,256000
german,9,hscore,random,0.05954264001920819,0.0020845104355742285,500,512,256000
german,9,transrate,random,0.011872899904847144,0.0004193613136669343,500,512,256000
haberman,0,complexity_22,raw_tabular,0.025118933369716007,0.0005930179906886269,153,3,459
haberman,0,complexity_n2,raw_tabular,0.0006251333591838678,7.074091616761995e-06,153,3,459
haberman,0,complexity_l1,raw_tabular,0.0004867667642732461,1.3792540041371229e-05,153,3,459
haberman,0,encoding,shared,0.05788069994499286,0.0005678577191174162,153,3,459
haberman,0,feature_extraction,imagenet,0.054294866509735584,4.629291639067986e-05,153,512,78336
haberman,0,hscore,imagenet,0.047956700157374146,0.000613143517137684,153,512,78336
haberman,0,transrate,imagenet,0.01019938001409173,0.0027284968653512437,153,512,78336
haberman,0,feature_extraction,random,0.05563630008449157,0.001680239482933469,153,512,78336
haberman,0,hscore,random,0.047678679879754784,0.0005440200575102791,153,512,78336
haberman,0,transrate,random,0.010027280077338219,0.003302619760983597,153,512,78336
haberman,1,complexity_22,raw_tabular,0.025537799888600905,0.0004177528972390737,153,3,459
haberman,1,complexity_n2,raw_tabular,0.0006254334002733231,4.665840649349797e-06,153,3,459
haberman,1,complexity_l1,raw_tabular,0.00048809995253880817,8.751120676523873e-06,153,3,459
haberman,1,encoding,shared,0.057401866652071476,0.00034240704694361385,153,3,459
haberman,1,feature_extraction,imagenet,0.055954566691070795,0.0009206057400824541,153,512,78336
haberman,1,hscore,imagenet,0.04820073992013931,0.0003998587227904466,153,512,78336
haberman,1,transrate,imagenet,0.010396859981119633,0.0034034323770080264,153,512,78336
haberman,1,feature_extraction,random,0.05665186668435732,0.0027962627046106375,153,512,78336
haberman,1,hscore,random,0.048606739938259126,0.0010154248737902234,153,512,78336
haberman,1,transrate,random,0.009898540005087853,0.0010940033973251071,153,512,78336
haberman,2,complexity_22,raw_tabular,0.025191133220990498,0.000459890048918166,153,3,459
haberman,2,complexity_n2,raw_tabular,0.0006368999990324179,6.002345096718225e-06,153,3,459
haberman,2,complexity_l1,raw_tabular,0.0005047333737214407,3.4608314809866385e-05,153,3,459
haberman,2,encoding,shared,0.058373733423650265,0.0008094983705594037,153,3,459
haberman,2,feature_extraction,imagenet,0.05439616662139694,0.00013649640448251704,153,512,78336
haberman,2,hscore,imagenet,0.04740137998014689,0.0008260484175073278,153,512,78336
haberman,2,transrate,imagenet,0.010280820075422525,0.001964016561101695,153,512,78336
haberman,2,feature_extraction,random,0.05473739995310704,0.0002737872447318064,153,512,78336
haberman,2,hscore,random,0.04899089988321066,0.0006729676545719084,153,512,78336
haberman,2,transrate,random,0.010053499974310398,0.001933830350606927,153,512,78336
haberman,3,complexity_22,raw_tabular,0.025472800092150766,0.00022397735348274358,153,3,459
haberman,3,complexity_n2,raw_tabular,0.0006210333667695522,6.00073810359195e-06,153,3,459
haberman,3,complexity_l1,raw_tabular,0.00047889988248546916,1.1977016692576477e-05,153,3,459
haberman,3,encoding,shared,0.057688899959127106,0.0005510046914404272,153,3,459
haberman,3,feature_extraction,imagenet,0.054693666441986956,0.0002733871479072036,153,512,78336
haberman,3,hscore,imagenet,0.0480531801469624,0.0004253009098547987,153,512,78336
haberman,3,transrate,imagenet,0.010020439978688955,0.0015430773078300504,153,512,78336
haberman,3,feature_extraction,random,0.054938133185108505,0.00037033927614226587,153,512,78336
haberman,3,hscore,random,0.047872519865632054,0.00024254834921615145,153,512,78336
haberman,3,transrate,random,0.008615139964967966,0.00039730111021746376,153,512,78336
haberman,4,complexity_22,raw_tabular,0.025427266644934814,0.00012769793719923168,153,3,459
haberman,4,complexity_n2,raw_tabular,0.0006233667954802513,4.6941388051678105e-06,153,3,459
haberman,4,complexity_l1,raw_tabular,0.0004760000544289748,1.0725857821317975e-05,153,3,459
haberman,4,encoding,shared,0.057667633363356195,0.0004473942369886564,153,3,459
haberman,4,feature_extraction,imagenet,0.06182243349030614,0.0009972261633576739,153,512,78336
haberman,4,hscore,imagenet,0.04756401991471648,0.0005791413821775663,153,512,78336
haberman,4,transrate,imagenet,0.010296180006116628,0.002689475093588524,153,512,78336
haberman,4,feature_extraction,random,0.055792866895596184,0.0013863298406178574,153,512,78336
haberman,4,hscore,random,0.04727854011580348,0.0006596875107890807,153,512,78336
haberman,4,transrate,random,0.008820779900997878,0.000427169899285688,153,512,78336
haberman,5,complexity_22,raw_tabular,0.025378099953134853,0.00013380879847091657,153,3,459
haberman,5,complexity_n2,raw_tabular,0.0006393999792635441,1.1668840264168814e-05,153,3,459
haberman,5,complexity_l1,raw_tabular,0.0004954668693244457,1.666658891612963e-05,153,3,459
haberman,5,encoding,shared,0.05788536664719383,0.0007434144685751539,153,3,459
haberman,5,feature_extraction,imagenet,0.054464600048959255,9.889764424329592e-05,153,512,78336
haberman,5,hscore,imagenet,0.0467225200496614,0.000646162589048262,153,512,78336
haberman,5,transrate,imagenet,0.008763539884239436,0.0011014828517306428,153,512,78336
haberman,5,feature_extraction,random,0.05472703340152899,0.0002989854346231738,153,512,78336
haberman,5,hscore,random,0.04773675985634327,0.000731860640140204,153,512,78336
haberman,5,transrate,random,0.008521639928221702,0.00019783252246527338,153,512,78336
haberman,6,complexity_22,raw_tabular,0.025938433439781267,0.0001948867452669451,153,3,459
haberman,6,complexity_n2,raw_tabular,0.0006328333790103594,6.982234787620863e-06,153,3,459
haberman,6,complexity_l1,raw_tabular,0.0005249334499239922,5.404302936930358e-05,153,3,459
haberman,6,encoding,shared,0.05772813347478708,0.0005179097671596749,153,3,459
haberman,6,feature_extraction,imagenet,0.05453806680937608,0.00018861784742058913,153,512,78336
haberman,6,hscore,imagenet,0.047305859997868537,0.0012948809633656212,153,512,78336
haberman,6,transrate,imagenet,0.010717640072107315,0.0021074773123560824,153,512,78336
haberman,6,feature_extraction,random,0.05750609980896115,0.0021138854498563707,153,512,78336
haberman,6,hscore,random,0.0469632999971509,0.0012720723685418294,153,512,78336
haberman,6,transrate,random,0.008656859863549471,0.0005435914939146842,153,512,78336
haberman,7,complexity_22,raw_tabular,0.02468316660573085,0.00013360389330198136,153,3,459
haberman,7,complexity_n2,raw_tabular,0.0006298666509489218,8.369066627321642e-06,153,3,459
haberman,7,complexity_l1,raw_tabular,0.00047776661813259125,7.472848924678484e-06,153,3,459
haberman,7,encoding,shared,0.058232566652198635,0.0014745060683883338,153,3,459
haberman,7,feature_extraction,imagenet,0.055504833503315844,0.0018065783027618216,153,512,78336
haberman,7,hscore,imagenet,0.048228619992733,0.0015563196460088497,153,512,78336
haberman,7,transrate,imagenet,0.010068260040134192,0.0032683241066755538,153,512,78336
haberman,7,feature_extraction,random,0.055678466645379864,0.0016954740800882962,153,512,78336
haberman,7,hscore,random,0.04731205999851227,0.0009031170242589076,153,512,78336
haberman,7,transrate,random,0.010804940015077591,0.003060002206771994,153,512,78336
haberman,8,complexity_22,raw_tabular,0.024987833574414253,0.00023250471409079227,153,3,459
haberman,8,complexity_n2,raw_tabular,0.0006284999350706736,2.38479884299824e-06,153,3,459
haberman,8,complexity_l1,raw_tabular,0.0004799667124946912,1.4173345187059468e-05,153,3,459
haberman,8,encoding,shared,0.05676110011215011,0.00042459752951456086,153,3,459
haberman,8,feature_extraction,imagenet,0.05440716678276658,0.0002810369131560844,153,512,78336
haberman,8,hscore,imagenet,0.047964160051196816,0.0006615228880581982,153,512,78336
haberman,8,transrate,imagenet,0.009281300008296967,0.0005597116696264648,153,512,78336
haberman,8,feature_extraction,random,0.055035800052185856,0.0004214412702558442,153,512,78336
haberman,8,hscore,random,0.04830786008387804,0.0014062852660821107,153,512,78336
haberman,8,transrate,random,0.008196259941905737,0.00019785666160142468,153,512,78336
haberman,9,complexity_22,raw_tabular,0.025473800022155046,0.0001835858938214726,153,3,459
haberman,9,complexity_n2,raw_tabular,0.0006240331567823887,3.382536495698848e-06,153,3,459
haberman,9,complexity_l1,raw_tabular,0.0004871666120986144,3.5159388328312636e-06,153,3,459
haberman,9,encoding,shared,0.057345166647185884,0.0002604151767944277,153,3,459
haberman,9,feature_extraction,imagenet,0.054749966599047184,2.6402532412992497e-05,153,512,78336
haberman,9,hscore,imagenet,0.04799108002334833,0.0007880202354154878,153,512,78336
haberman,9,transrate,imagenet,0.01010855995118618,0.0031424973108115334,153,512,78336
haberman,9,feature_extraction,random,0.05451926666622361,7.924823717087776e-05,153,512,78336
haberman,9,hscore,random,0.0460406999103725,0.000345054413627125,153,512,78336
haberman,9,transrate,random,0.009482800215482711,0.0020557539546567243,153,512,78336
heart,0,complexity_22,raw_tabular,0.02980783333381017,0.00025548203807080217,135,13,1755
heart,0,complexity_n2,raw_tabular,0.0009971000254154205,4.071639743644364e-06,135,13,1755
heart,0,complexity_l1,raw_tabular,0.0006377665946880976,4.110647854185956e-07,135,13,1755
heart,0,encoding,shared,0.054781566839665174,0.0005950000283164891,135,13,1755
heart,0,feature_extraction,imagenet,0.046795899979770184,0.00012131008477056856,135,512,69120
heart,0,hscore,imagenet,0.0465641999617219,0.0008410320892143516,135,512,69120
heart,0,transrate,imagenet,0.00855498006567359,0.0007158360362346122,135,512,69120
heart,0,feature_extraction,random,0.046808999963104725,0.0004026671980836901,135,512,69120
heart,0,hscore,random,0.04738603997975588,0.0013264686523367193,135,512,69120
heart,0,transrate,random,0.009805560018867255,0.002625708209119192,135,512,69120
heart,1,complexity_22,raw_tabular,0.03108366671949625,0.0004074292367636589,135,13,1755
heart,1,complexity_n2,raw_tabular,0.0010165002507468064,1.804967131778634e-05,135,13,1755
heart,1,complexity_l1,raw_tabular,0.0006492999382317066,1.745899728446753e-05,135,13,1755
heart,1,encoding,shared,0.0547363666507105,0.00021211332918353714,135,13,1755
heart,1,feature_extraction,imagenet,0.0489587999569873,0.002604831884888988,135,512,69120
heart,1,hscore,imagenet,0.04715160001069307,0.0005704470510531408,135,512,69120
heart,1,transrate,imagenet,0.010099839884787798,0.0020179278593467583,135,512,69120
heart,1,feature_extraction,random,0.048963799917449556,0.0015883624490092816,135,512,69120
heart,1,hscore,random,0.04727821992710233,0.0017319967468228388,135,512,69120
heart,1,transrate,random,0.008916839864104987,0.0008066973900336306,135,512,69120
heart,2,complexity_22,raw_tabular,0.030693066616853077,0.0010251757036295046,135,13,1755
heart,2,complexity_n2,raw_tabular,0.0009641333793600401,1.4103577517626004e-05,135,13,1755
heart,2,complexity_l1,raw_tabular,0.0006612668124337991,1.3294668567654021e-05,135,13,1755
heart,2,encoding,shared,0.054390099830925465,0.0005269038480072574,135,13,1755
heart,2,feature_extraction,imagenet,0.04780799988657236,0.0012369258921382646,135,512,69120
heart,2,hscore,imagenet,0.04725524010136724,0.0016234531559514652,135,512,69120
heart,2,transrate,imagenet,0.00841307993978262,0.0002661378726536599,135,512,69120
heart,2,feature_extraction,random,0.05095010017976165,0.003223600720902482,135,512,69120
heart,2,hscore,random,0.04583952007815242,0.0005912129549580598,135,512,69120
heart,2,transrate,random,0.010876540001481772,0.002664104098928374,135,512,69120
heart,3,complexity_22,raw_tabular,0.03094713327785333,0.00025249577709921683,135,13,1755
heart,3,complexity_n2,raw_tabular,0.0009579667821526527,1.2224707295098431e-05,135,13,1755
heart,3,complexity_l1,raw_tabular,0.0006374668640395006,7.846163075153977e-06,135,13,1755
heart,3,encoding,shared,0.05540796664233009,0.001101022779473614,135,13,1755
heart,3,feature_extraction,imagenet,0.04915716669832667,0.0031651472998637502,135,512,69120
heart,3,hscore,imagenet,0.04676651991903782,0.0006913757433436386,135,512,69120
heart,3,transrate,imagenet,0.009780820086598396,0.0020195190569462394,135,512,69120
heart,3,feature_extraction,random,0.05376120004802942,0.003777627932233168,135,512,69120
heart,3,hscore,random,0.04619694007560611,0.0012136066076998012,135,512,69120
heart,3,transrate,random,0.009459480084478855,0.0010488246218492993,135,512,69120
heart,4,complexity_22,raw_tabular,0.030364633227388065,0.0005166368328732146,135,13,1755
heart,4,complexity_n2,raw_tabular,0.001001100055873394,6.745471920319543e-06,135,13,1755
heart,4,complexity_l1,raw_tabular,0.0006631001209219297,6.125337888919048e-06,135,13,1755
heart,4,encoding,shared,0.05501056664312879,8.843279111414991e-05,135,13,1755
heart,4,feature_extraction,imagenet,0.04684406674156586,7.040725497846555e-05,135,512,69120
heart,4,hscore,imagenet,0.046804879885166885,0.0006830253574574147,135,512,69120
heart,4,transrate,imagenet,0.011093000043183565,0.0030149059005298512,135,512,69120
heart,4,feature_extraction,random,0.04792283335700631,0.0016873875159682799,135,512,69120
heart,4,hscore,random,0.046999060083180666,0.0011182808753002053,135,512,69120
heart,4,transrate,random,0.009766679909080266,0.0012146214209731298,135,512,69120
heart,5,complexity_22,raw_tabular,0.03031553328037262,0.00022493470166137745,135,13,1755
heart,5,complexity_n2,raw_tabular,0.0009955666027963161,5.709244474776062e-06,135,13,1755
heart,5,complexity_l1,raw_tabular,0.0006746334644655386,1.272684706287764e-05,135,13,1755
heart,5,encoding,shared,0.05372323344151179,0.000176631541204059,135,13,1755
heart,5,feature_extraction,imagenet,0.04726586661611994,0.0006209452077496566,135,512,69120
heart,5,hscore,imagenet,0.04698561988770962,0.001039516244013372,135,512,69120
heart,5,transrate,imagenet,0.013744639977812768,0.0050523564939800505,135,512,69120
heart,5,feature_extraction,random,0.04698569979518652,0.00038089771543356905,135,512,69120
heart,5,hscore,random,0.04854180002585053,0.0014572311474068866,135,512,69120
heart,5,transrate,random,0.008220400102436543,0.0003666819307283414,135,512,69120
heart,6,complexity_22,raw_tabular,0.03040746661523978,0.000441963667678402,135,13,1755
heart,6,complexity_n2,raw_tabular,0.0009935665875673294,6.059973020129706e-06,135,13,1755
heart,6,complexity_l1,raw_tabular,0.0006461666586498419,9.800827333169114e-06,135,13,1755
heart,6,encoding,shared,0.05655816678578655,0.0006894569620945844,135,13,1755
heart,6,feature_extraction,imagenet,0.047636199897776045,0.0006692756461515579,135,512,69120
heart,6,hscore,imagenet,0.047152560018002984,0.0008362770616125389,135,512,69120
heart,6,transrate,imagenet,0.011714180000126362,0.005513774500209199,135,512,69120
heart,6,feature_extraction,random,0.046754566952586174,8.086291563285259e-05,135,512,69120
heart,6,hscore,random,0.04739736011251807,0.001186377513675016,135,512,69120
heart,6,transrate,random,0.008586799912154674,0.0004652385081000313,135,512,69120
heart,7,complexity_22,raw_tabular,0.030063866792867582,0.00030211376574041326,135,13,1755
heart,7,complexity_n2,raw_tabular,0.0009474999581774076,4.737829042201706e-06,135,13,1755
heart,7,complexity_l1,raw_tabular,0.0006563666587074598,8.070632190596748e-06,135,13,1755
heart,7,encoding,shared,0.055339633487164974,0.00016745834372512374,135,13,1755
heart,7,feature_extraction,imagenet,0.050230033385256924,0.003380142561890368,135,512,69120
heart,7,hscore,imagenet,0.04643565993756056,0.000621327445844238,135,512,69120
heart,7,transrate,imagenet,0.009340899903327227,0.0006130311264802371,135,512,69120
heart,7,feature_extraction,random,0.04684790006528298,0.00010035656038793067,135,512,69120
heart,7,hscore,random,0.04777405997738242,0.0006836977571365601,135,512,69120
heart,7,transrate,random,0.009003680013120175,0.001332396645965299,135,512,69120
heart,8,complexity_22,raw_tabular,0.030457766726613045,0.0008027836345801384,135,13,1755
heart,8,complexity_n2,raw_tabular,0.0009696000876526037,8.630302873573329e-06,135,13,1755
heart,8,complexity_l1,raw_tabular,0.0008136665758987268,0.0001671083858970605,135,13,1755
heart,8,encoding,shared,0.0559404999949038,0.000702708681509196,135,13,1755
heart,8,feature_extraction,imagenet,0.046747366742541395,6.262599099439393e-05,135,512,69120
heart,8,hscore,imagenet,0.04741430003196001,0.001281949399264701,135,512,69120
heart,8,transrate,imagenet,0.00873811999335885,0.0005791972968425726,135,512,69120
heart,8,feature_extraction,random,0.049480333303411804,0.003940622359095023,135,512,69120
heart,8,hscore,random,0.04750517997890711,0.0011653327454663911,135,512,69120
heart,8,transrate,random,0.0119569000788033,0.002801647572816977,135,512,69120
heart,9,complexity_22,raw_tabular,0.029909499920904636,0.0004466032123285962,135,13,1755
heart,9,complexity_n2,raw_tabular,0.0010094332198301952,2.028483661473896e-05,135,13,1755
heart,9,complexity_l1,raw_tabular,0.0006088001343111197,7.317121844716502e-06,135,13,1755
heart,9,encoding,shared,0.05668010003864765,0.0005846571940343507,135,13,1755
heart,9,feature_extraction,imagenet,0.04876126659413179,0.0028541894295581673,135,512,69120
heart,9,hscore,imagenet,0.04772805999964476,0.001647702612501387,135,512,69120
heart,9,transrate,imagenet,0.010425380151718854,0.002942032711788819,135,512,69120
heart,9,feature_extraction,random,0.04754619967813293,0.0011822560789155185,135,512,69120
heart,9,hscore,random,0.04666417995467782,0.0008873450929456035,135,512,69120
heart,9,transrate,random,0.008849879913032054,0.0004477708026400004,135,512,69120
ionosphere,0,complexity_22,raw_tabular,0.07575149973854423,0.0013639636044704582,175,34,5950
ionosphere,0,complexity_n2,raw_tabular,0.006188300127784411,9.61973725573903e-06,175,34,5950
ionosphere,0,complexity_l1,raw_tabular,0.0007449000452955564,1.3691618527280912e-05,175,34,5950
ionosphere,0,encoding,shared,0.07523976654435198,0.0013143464153160288,175,34,5950
ionosphere,0,feature_extraction,imagenet,0.06243590001637737,0.0014446379280073217,175,512,89600
ionosphere,0,hscore,imagenet,0.0482375998981297,0.0015353946024985006,175,512,89600
ionosphere,0,transrate,imagenet,0.010167760029435157,0.002092079630169415,175,512,89600
ionosphere,0,feature_extraction,random,0.06103716682021817,0.00044512360088023117,175,512,89600
ionosphere,0,hscore,random,0.046934299916028974,0.0008536020510182074,175,512,89600
ionosphere,0,transrate,random,0.012986360117793083,0.005426554152324841,175,512,89600
ionosphere,1,complexity_22,raw_tabular,0.07404969989632566,0.0011846983562509967,176,34,5984
ionosphere,1,complexity_n2,raw_tabular,0.0063324000996847945,3.814383608239878e-05,176,34,5984
ionosphere,1,complexity_l1,raw_tabular,0.0007478999905288219,3.7708776258056056e-06,176,34,5984
ionosphere,1,encoding,shared,0.07546073353538911,0.0015695308397724705,176,34,5984
ionosphere,1,feature_extraction,imagenet,0.06905739987269044,0.005582664653802026,176,512,90112
ionosphere,1,hscore,imagenet,0.046891420148313046,0.0012963677836792902,176,512,90112
ionosphere,1,transrate,imagenet,0.011788959987461567,0.004522840016548857,176,512,90112
ionosphere,1,feature_extraction,random,0.06932063354179263,0.003989681102409386,176,512,90112
ionosphere,1,hscore,random,0.0495749200694263,0.0015233403176665111,176,512,90112
ionosphere,1,transrate,random,0.012830199953168631,0.005276780011667509,176,512,90112
ionosphere,2,complexity_22,raw_tabular,0.0761269999978443,0.0016680375573898596,175,34,5950
ionosphere,2,complexity_n2,raw_tabular,0.006784600050499042,0.0002779319188160127,175,34,5950
ionosphere,2,complexity_l1,raw_tabular,0.0007978997503717741,7.121029399450264e-05,175,34,5950
ionosphere,2,encoding,shared,0.07178516654918592,0.0004633991810626555,175,34,5950
ionosphere,2,feature_extraction,imagenet,0.060909466507534184,0.00030530847160109727,175,512,89600
ionosphere,2,hscore,imagenet,0.04702177997678518,0.0007831412059132706,175,512,89600
ionosphere,2,transrate,imagenet,0.00909963995218277,0.0010637715541041571,175,512,89600
ionosphere,2,feature_extraction,random,0.06100783326352636,0.0004421282628101234,175,512,89600
ionosphere,2,hscore,random,0.04769944017753005,0.0010919867386758797,175,512,89600
ionosphere,2,transrate,random,0.009457919932901859,0.0002289003469146265,175,512,89600
ionosphere,3,complexity_22,raw_tabular,0.07377830008044839,0.0005431354425011122,176,34,5984
ionosphere,3,complexity_n2,raw_tabular,0.006497633333007495,5.276356199555692e-05,176,34,5984
ionosphere,3,complexity_l1,raw_tabular,0.0007321333202222983,8.092749526734659e-06,176,34,5984
ionosphere,3,encoding,shared,0.07144113319615523,0.0010853005258635307,176,34,5984
ionosphere,3,feature_extraction,imagenet,0.07003673321257035,0.0010383039984004027,176,512,90112
ionosphere,3,hscore,imagenet,0.05105860000476241,0.0015628813816604733,176,512,90112
ionosphere,3,transrate,imagenet,0.00881167994812131,0.00038141705322891796,176,512,90112
ionosphere,3,feature_extraction,random,0.061070733393232025,0.00025698785888188193,176,512,90112
ionosphere,3,hscore,random,0.048783320002257824,0.001072351411558957,176,512,90112
ionosphere,3,transrate,random,0.009378340095281601,0.0009558132599330574,176,512,90112
ionosphere,4,complexity_22,raw_tabular,0.07634840005387862,0.0008180997114395881,175,34,5950
ionosphere,4,complexity_n2,raw_tabular,0.006277266579369704,1.2990851428064441e-05,175,34,5950
ionosphere,4,complexity_l1,raw_tabular,0.0007946668192744255,4.563650262056041e-06,175,34,5950
ionosphere,4,encoding,shared,0.06958933329830568,0.00014212717009153241,175,34,5950
ionosphere,4,feature_extraction,imagenet,0.06048373334730665,2.5036045767442976e-05,175,512,89600
ionosphere,4,hscore,imagenet,0.04748056000098586,0.0007012482790654777,175,512,89600
ionosphere,4,transrate,imagenet,0.010528660099953412,0.0028240366417510206,175,512,89600
ionosphere,4,feature_extraction,random,0.062078800052404404,0.0015875493860746243,175,512,89600
ionosphere,4,hscore,random,0.049142999947071074,0.000752026103175828,175,512,89600
ionosphere,4,transrate,random,0.009545599948614836,0.002185220433636685,175,512,89600
ionosphere,5,complexity_22,raw_tabular,0.07626523341362675,0.0011104537648956297,176,34,5984
ionosphere,5,complexity_n2,raw_tabular,0.006303600035607815,7.454027456056396e-05,176,34,5984
ionosphere,5,complexity_l1,raw_tabular,0.0007052665265897909,1.6557214435405814e-05,176,34,5984
ionosphere,5,encoding,shared,0.07195956663539012,0.0004896955563608472,176,34,5984
ionosphere,5,feature_extraction,imagenet,0.061223500253011785,0.0002818570405781397,176,512,90112
ionosphere,5,hscore,imagenet,0.04793220004066825,0.000685125112994472,176,512,90112
ionosphere,5,transrate,imagenet,0.011038400046527386,0.0029887627932008443,176,512,90112
ionosphere,5,feature_extraction,random,0.06582219991832972,0.0051937290726140894,176,512,90112
ionosphere,5,hscore,random,0.047092640027403834,0.0013543971530747755,176,512,90112
ionosphere,5,transrate,random,0.010358959902077913,0.0019482058490336645,176,512,90112
ionosphere,6,complexity_22,raw_tabular,0.07411576667800546,0.00026743290976421493,175,34,5950
ionosphere,6,complexity_n2,raw_tabular,0.006400666510065396,4.8804838291911536e-05,175,34,5950
ionosphere,6,complexity_l1,raw_tabular,0.0007535000331699848,3.677684385233229e-05,175,34,5950
ionosphere,6,encoding,shared,0.07210309989750385,0.0008495753133732918,175,34,5950
ionosphere,6,feature_extraction,imagenet,0.06382103357464075,0.00401660577727451,175,512,89600
ionosphere,6,hscore,imagenet,0.046980960108339784,0.0006031301889155097,175,512,89600
ionosphere,6,transrate,imagenet,0.010393340047448874,0.0014468065814708905,175,512,89600
ionosphere,6,feature_extraction,random,0.06566629993418853,0.0040338590566080966,175,512,89600
ionosphere,6,hscore,random,0.046545320004224774,0.0009179832324622604,175,512,89600
ionosphere,6,transrate,random,0.01055489992722869,0.002348624922506763,175,512,89600
ionosphere,7,complexity_22,raw_tabular,0.07621590017030637,0.0021134810271139057,176,34,5984
ionosphere,7,complexity_n2,raw_tabular,0.006368799911191066,1.4869056405905763e-05,176,34,5984
ionosphere,7,complexity_l1,raw_tabular,0.000750300008803606,1.2618357455283851e-05,176,34,5984
ionosphere,7,encoding,shared,0.07385163335129619,0.0016737870258772955,176,34,5984
ionosphere,7,feature_extraction,imagenet,0.061058633495122194,0.00027120591623383127,176,512,90112
ionosphere,7,hscore,imagenet,0.04746984019875526,0.0009248832387244374,176,512,90112
ionosphere,7,transrate,imagenet,0.008607739955186844,0.0004088603247859072,176,512,90112
ionosphere,7,feature_extraction,random,0.061418966545412935,0.0010393228200251646,176,512,90112
ionosphere,7,hscore,random,0.049742779973894355,0.0012035442574307696,176,512,90112
ionosphere,7,transrate,random,0.010486160032451152,0.0026442499141495724,176,512,90112
ionosphere,8,complexity_22,raw_tabular,0.07551120004306237,0.0008121772578984181,175,34,5950
ionosphere,8,complexity_n2,raw_tabular,0.0070242333846787615,0.0006377295075370967,175,34,5950
ionosphere,8,complexity_l1,raw_tabular,0.0007912667157749335,4.312457249796888e-06,175,34,5950
ionosphere,8,encoding,shared,0.07084916656215985,0.00021300387781323174,175,34,5950
ionosphere,8,feature_extraction,imagenet,0.06092410006870826,0.000287674939989356,175,512,89600
ionosphere,8,hscore,imagenet,0.04607169991359115,0.0010708027577623666,175,512,89600
ionosphere,8,transrate,imagenet,0.00995290009304881,0.002436904096931737,175,512,89600
ionosphere,8,feature_extraction,random,0.060513933189213276,0.00012856484827618517,175,512,89600
ionosphere,8,hscore,random,0.04746323991566896,0.0009444931705529289,175,512,89600
ionosphere,8,transrate,random,0.008630920015275479,0.0003456761095056237,175,512,89600
ionosphere,9,complexity_22,raw_tabular,0.07617529993876815,0.0015495167334612938,176,34,5984
ionosphere,9,complexity_n2,raw_tabular,0.006485166649023692,0.00010539444577917784,176,34,5984
ionosphere,9,complexity_l1,raw_tabular,0.0007477666561802229,1.3678833323515243e-05,176,34,5984
ionosphere,9,encoding,shared,0.07185073336586356,0.0011150300718774065,176,34,5984
ionosphere,9,feature_extraction,imagenet,0.06359123329942425,0.002505048128411806,176,512,90112
ionosphere,9,hscore,imagenet,0.04722355986014008,0.0004777440243986849,176,512,90112
ionosphere,9,transrate,imagenet,0.008696320001035929,7.081022832305424e-05,176,512,90112
ionosphere,9,feature_extraction,random,0.06929279988010724,0.0038768408888550394,176,512,90112
ionosphere,9,hscore,random,0.046778039913624524,0.0007026396720642807,176,512,90112
ionosphere,9,transrate,random,0.011250639986246824,0.0036748007464612155,176,512,90112
liver,0,complexity_22,raw_tabular,0.035022300047179065,0.0002340017281830984,172,6,1032
liver,0,complexity_n2,raw_tabular,0.0010739665788908799,8.426034940884567e-06,172,6,1032
liver,0,complexity_l1,raw_tabular,0.0005823665608962377,1.475852344474446e-05,172,6,1032
liver,0,encoding,shared,0.06691353349015117,0.0017556101938640298,172,6,1032
liver,0,feature_extraction,imagenet,0.061557099844018616,0.0015620424582339764,172,512,88064
liver,0,hscore,imagenet,0.04720815997570753,0.00048162132676563257,172,512,88064
liver,0,transrate,imagenet,0.010806040093302726,0.0024293026077356838,172,512,88064
liver,0,feature_extraction,random,0.060212666634470224,0.00012746046887387327,172,512,88064
liver,0,hscore,random,0.04832343999296427,0.0006951356091101137,172,512,88064
liver,0,transrate,random,0.009568099956959486,0.0007331844233579957,172,512,88064
liver,1,complexity_22,raw_tabular,0.03537280003850659,0.00011105711663822564,173,6,1038
liver,1,complexity_n2,raw_tabular,0.0011128666810691357,5.092188200815895e-06,173,6,1038
liver,1,complexity_l1,raw_tabular,0.0005322334667046865,5.307573080111999e-06,173,6,1038
liver,1,encoding,shared,0.0661292669052879,0.0011945890089089953,173,6,1038
liver,1,feature_extraction,imagenet,0.0604028330805401,6.57534739264464e-05,173,512,88576
liver,1,hscore,imagenet,0.0467115399427712,0.0011675599129977446,173,512,88576
liver,1,transrate,imagenet,0.009732759930193425,0.0005254493303138972,173,512,88576
liver,1,feature_extraction,random,0.06315443323304255,0.0034095030058739783,173,512,88576
liver,1,hscore,random,0.04958269996568561,0.0014655295786691121,173,512,88576
liver,1,transrate,random,0.009158840030431747,2.470381549286012e-05,173,512,88576
liver,2,complexity_22,raw_tabular,0.034057499996076025,0.00016387263956670577,172,6,1032
liver,2,complexity_n2,raw_tabular,0.0012532334464291732,8.298744873848509e-05,172,6,1032
liver,2,complexity_l1,raw_tabular,0.0006067332190771898,5.34965121814844e-05,172,6,1032
liver,2,encoding,shared,0.0656319665722549,0.0009282027675104763,172,6,1032
liver,2,feature_extraction,imagenet,0.0641132000212868,0.004236793383577152,172,512,88064
liver,2,hscore,imagenet,0.04834537990391254,0.000896910380181296,172,512,88064
liver,2,transrate,imagenet,0.01207144008949399,0.004585422539233289,172,512,88064
liver,2,feature_extraction,random,0.06044343331207832,4.184928671569675e-05,172,512,88064
liver,2,hscore,random,0.04824066003784537,0.000494646150992859,172,512,88064
liver,2,transrate,random,0.010478840116411448,0.0027281330652521416,172,512,88064
liver,3,complexity_22,raw_tabular,0.03395603317767382,0.0001994941204147303,173,6,1038
liver,3,complexity_n2,raw_tabular,0.0010800998037060101,4.37358151446383e-06,173,6,1038
liver,3,complexity_l1,raw_tabular,0.0005401666276156902,6.127756941667477e-07,173,6,1038
liver,3,encoding,shared,0.06771403333793084,0.0006723587766469615,173,6,1038
liver,3,feature_extraction,imagenet,0.06329313324143489,0.0022009655749493837,173,512,88576
liver,3,hscore,imagenet,0.04764876002445817,0.0004965271414632149,173,512,88576
liver,3,transrate,imagenet,0.008877119887620211,0.0005664929666837753,173,512,88576
liver,3,feature_extraction,random,0.06136460012445847,0.0017154860598262642,173,512,88576
liver,3,hscore,random,0.047016319911926986,0.0011381498323073578,173,512,88576
liver,3,transrate,random,0.008837799914181233,0.0005811157428205274,173,512,88576
liver,4,complexity_22,raw_tabular,0.03413913336892923,0.0002613928910290861,172,6,1032
liver,4,complexity_n2,raw_tabular,0.001073766654978196,8.858145197476967e-06,172,6,1032
liver,4,complexity_l1,raw_tabular,0.0006552667667468389,1.0137706868548075e-05,172,6,1032
liver,4,encoding,shared,0.068142033337305,0.0006304011538230413,172,6,1032
liver,4,feature_extraction,imagenet,0.06308346645285685,0.002526524735852918,172,512,88064
liver,4,hscore,imagenet,0.04718280006200075,0.0009236797607297367,172,512,88064
liver,4,transrate,imagenet,0.013074799999594688,0.008494201322610724,172,512,88064
liver,4,feature_extraction,random,0.06489870014290015,0.003518600250340315,172,512,88064
liver,4,hscore,random,0.04714494002982974,0.0009586144084444214,172,512,88064
liver,4,transrate,random,0.009272099938243628,0.0007564900499636959,172,512,88064
liver,5,complexity_22,raw_tabular,0.03385220002382994,0.00015692335768296045,173,6,1038
liver,5,complexity_n2,raw_tabular,0.0010887001020212967,8.032716192604412e-06,173,6,1038
liver,5,complexity_l1,raw_tabular,0.0005622998190422853,1.2336122229461185e-05,173,6,1038
liver,5,encoding,shared,0.0671878334445258,0.0005153849032039872,173,6,1038
liver,5,feature_extraction,imagenet,0.06320593350877364,0.002110701252119758,173,512,88576
liver,5,hscore,imagenet,0.04733609994873404,0.0014996142863460237,173,512,88576
liver,5,transrate,imagenet,0.011618060059845448,0.002972429363557514,173,512,88576
liver,5,feature_extraction,random,0.06206500002493461,0.001043731682291476,173,512,88576
liver,5,hscore,random,0.0478210998699069,0.0009256271175700047,173,512,88576
liver,5,transrate,random,0.009429799951612949,0.0008670914404714182,173,512,88576
liver,6,complexity_22,raw_tabular,0.03411736665293574,0.0003114499993759614,172,6,1032
liver,6,complexity_n2,raw_tabular,0.0011310333696504433,8.286965657142725e-05,172,6,1032
liver,6,complexity_l1,raw_tabular,0.0005407668650150299,7.716899354939895e-06,172,6,1032
liver,6,encoding,shared,0.06816503312438726,0.0008350702194099635,172,6,1032
liver,6,feature_extraction,imagenet,0.062313266564160585,0.0029170572549238882,172,512,88064
liver,6,hscore,imagenet,0.04905468001961708,0.0016337360252948437,172,512,88064
liver,6,transrate,imagenet,0.012248620111495256,0.005280265327210004,172,512,88064
liver,6,feature_extraction,random,0.060159100064386926,0.0002077651987274849,172,512,88064
liver,6,hscore,random,0.048441679961979386,0.0005110536493455259,172,512,88064
liver,6,transrate,random,0.009551839902997017,0.0009378008587171675,172,512,88064
liver,7,complexity_22,raw_tabular,0.03396826656535268,0.00016332008054838058,173,6,1038
liver,7,complexity_n2,raw_tabular,0.0010803334104518096,4.24620601857557e-06,173,6,1038
liver,7,complexity_l1,raw_tabular,0.0005867667496204376,1.5742698777534374e-05,173,6,1038
liver,7,encoding,shared,0.06729166659836967,0.0018241843181994383,173,6,1038
liver,7,feature_extraction,imagenet,0.06116836657747626,0.0012015101386075354,173,512,88576
liver,7,hscore,imagenet,0.04698509983718395,0.0010702747612235312,173,512,88576
liver,7,transrate,imagenet,0.01057259999215603,0.0030396341758329977,173,512,88576
liver,7,feature_extraction,random,0.06401043323179086,0.004964386100515404,173,512,88576
liver,7,hscore,random,0.04668801994994283,0.0007773837815680966,173,512,88576
liver,7,transrate,random,0.010268800053745508,0.0027732968260855417,173,512,88576
liver,8,complexity_22,raw_tabular,0.03438020016377171,0.00025608564812090647,172,6,1032
liver,8,complexity_n2,raw_tabular,0.0011091666917006175,7.759829677406674e-06,172,6,1032
liver,8,complexity_l1,raw_tabular,0.0005267667584121227,5.529698749045625e-06,172,6,1032
liver,8,encoding,shared,0.06771116672704618,0.0013843333230896312,172,6,1032
liver,8,feature_extraction,imagenet,0.06413056654855609,0.005421852708512518,172,512,88064
liver,8,hscore,imagenet,0.04865717999637127,0.0014084179772364115,172,512,88064
liver,8,transrate,imagenet,0.00883059985935688,0.0002853768546497604,172,512,88064
liver,8,feature_extraction,random,0.06502483350535233,0.0030758966398716507,172,512,88064
liver,8,hscore,random,0.04849640000611544,0.0007519666048198678,172,512,88064
liver,8,transrate,random,0.00945112006738782,0.0007782963112427085,172,512,88064
liver,9,complexity_22,raw_tabular,0.035472000017762184,0.0010951282552126382,173,6,1038
liver,9,complexity_n2,raw_tabular,0.0011197999119758606,2.0992924298644944e-06,173,6,1038
liver,9,complexity_l1,raw_tabular,0.0008451001097758611,0.0003942220034227491,173,6,1038
liver,9,encoding,shared,0.0683958667020003,0.0009386485132212446,173,6,1038
liver,9,feature_extraction,imagenet,0.06484436678389709,0.0033063335926696758,173,512,88576
liver,9,hscore,imagenet,0.0476834200322628,0.0010403910062528764,173,512,88576
liver,9,transrate,imagenet,0.009061299916356801,0.00036852803819484927,173,512,88576
liver,9,feature_extraction,random,0.060596866688380636,0.00014975344052187817,173,512,88576
liver,9,hscore,random,0.04840528005734086,0.0005743341119422663,173,512,88576
liver,9,transrate,random,0.013021000009030104,0.002239736805443923,173,512,88576
mammographic,0,complexity_22,raw_tabular,0.14390296659742793,0.0022473387524485104,415,5,2075
mammographic,0,complexity_n2,raw_tabular,0.008562966560324034,0.0002805422326813115,415,5,2075
mammographic,0,complexity_l1,raw_tabular,0.000707566582908233,1.5240313781967098e-05,415,5,2075
mammographic,0,encoding,shared,0.15640130018194517,0.0008089513795990146,415,5,2075
mammographic,0,feature_extraction,imagenet,0.14870636677369475,0.001959444696093872,415,512,212480
mammographic,0,hscore,imagenet,0.052239740081131456,0.0018884569485574127,415,512,212480
mammographic,0,transrate,imagenet,0.010083760041743517,0.0002062990443767133,415,512,212480
mammographic,0,feature_extraction,random,0.15303710009902716,0.006731332396394429,415,512,212480
mammographic,0,hscore,random,0.05363591993227601,0.0010208974852521269,415,512,212480
mammographic,0,transrate,random,0.010379600152373315,0.0002455361034916669,415,512,212480
mammographic,1,complexity_22,raw_tabular,0.14357773323232928,0.0012139139620575097,415,5,2075
mammographic,1,complexity_n2,raw_tabular,0.008645366722097,0.0004129927134416347,415,5,2075
mammographic,1,complexity_l1,raw_tabular,0.0007346000832815965,2.980930778185198e-06,415,5,2075
mammographic,1,encoding,shared,0.16055213334038854,0.0005330647534484777,415,5,2075
mammographic,1,feature_extraction,imagenet,0.15153376680488387,0.005669073932489459,415,512,212480
mammographic,1,hscore,imagenet,0.05170967997983098,0.0014220237665637583,415,512,212480
mammographic,1,transrate,imagenet,0.010283300001174212,0.00023658654967389099,415,512,212480
mammographic,1,feature_extraction,random,0.14670703327283263,0.0030971648790065827,415,512,212480
mammographic,1,hscore,random,0.05424677999690175,0.002392670127273727,415,512,212480
mammographic,1,transrate,random,0.010526080057024956,0.0006719643101213732,415,512,212480
mammographic,2,complexity_22,raw_tabular,0.1439941000814239,0.0008724263896856633,415,5,2075
mammographic,2,complexity_n2,raw_tabular,0.008252833038568497,0.00013425972701542891,415,5,2075
mammographic,2,complexity_l1,raw_tabular,0.0006908665721615156,8.253115963975526e-06,415,5,2075
mammographic,2,encoding,shared,0.15850646669665971,0.001936614024721959,415,5,2075
mammographic,2,feature_extraction,imagenet,0.1512228000598649,0.005168295945487712,415,512,212480
mammographic,2,hscore,imagenet,0.052854619920253754,0.0007898712603761422,415,512,212480
mammographic,2,transrate,imagenet,0.010049779992550611,0.0005557517786715497,415,512,212480
mammographic,2,feature_extraction,random,0.14801270002499223,0.0048038560659744,415,512,212480
mammographic,2,hscore,random,0.05213336003944278,0.00104835387047564,415,512,212480
mammographic,2,transrate,random,0.01306609995663166,0.0038145751091019356,415,512,212480
mammographic,3,complexity_22,raw_tabular,0.14823036656404534,0.00037152082194233615,415,5,2075
mammographic,3,complexity_n2,raw_tabular,0.00865553334976236,6.997109683049615e-05,415,5,2075
mammographic,3,complexity_l1,raw_tabular,0.0006689666770398617,1.027931945010365e-05,415,5,2075
mammographic,3,encoding,shared,0.1595721667011579,0.0005943627517760951,415,5,2075
mammographic,3,feature_extraction,imagenet,0.14985446662952503,0.00366123218981025,415,512,212480
mammographic,3,hscore,imagenet,0.05421130005270243,0.0015690193880988745,415,512,212480
mammographic,3,transrate,imagenet,0.016103459894657134,0.007364938786555469,415,512,212480
mammographic,3,feature_extraction,random,0.1508377998446425,0.0074304010092861835,415,512,212480
mammographic,3,hscore,random,0.05296457996591926,0.0016774039353889601,415,512,212480
mammographic,3,transrate,random,0.01282029990106821,0.003155653848198072,415,512,212480
mammographic,4,complexity_22,raw_tabular,0.1452397002528111,0.003127244542902872,415,5,2075
mammographic,4,complexity_n2,raw_tabular,0.008652266580611467,0.00022847770470882373,415,5,2075
mammographic,4,complexity_l1,raw_tabular,0.0006540330747763315,7.211151183513681e-06,415,5,2075
mammographic,4,encoding,shared,0.15792006673291326,0.0011839762951184136,415,5,2075
mammographic,4,feature_extraction,imagenet,0.14845850008229414,0.004107319695957305,415,512,212480
mammographic,4,hscore,imagenet,0.052122659888118504,0.0016281185385349248,415,512,212480
mammographic,4,transrate,imagenet,0.010727059934288264,0.0008320698019757461,415,512,212480
mammographic,4,feature_extraction,random,0.14829586679115891,0.0035724852680475245,415,512,212480
mammographic,4,hscore,random,0.05172350006178021,0.0010578102549914008,415,512,212480
mammographic,4,transrate,random,0.010605060029774904,0.0010447617590231006,415,512,212480
mammographic,5,complexity_22,raw_tabular,0.140444566650937,0.0018291070072562361,415,5,2075
mammographic,5,complexity_n2,raw_tabular,0.008736866836746534,0.00014682675169605853,415,5,2075
mammographic,5,complexity_l1,raw_tabular,0.0008151999985178312,0.00018005011295227022,415,5,2075
mammographic,5,encoding,shared,0.15856906663005552,0.002582529878912909,415,5,2075
mammographic,5,feature_extraction,imagenet,0.1495986000324289,0.001021524191893341,415,512,212480
mammographic,5,hscore,imagenet,0.05158884013071656,0.0013662327594867163,415,512,212480
mammographic,5,transrate,imagenet,0.01136726001277566,0.0017180239767652134,415,512,212480
mammographic,5,feature_extraction,random,0.14890746663634977,0.005424061065447807,415,512,212480
mammographic,5,hscore,random,0.05238276002928614,0.0013766003618111869,415,512,212480
mammographic,5,transrate,random,0.014133180025964975,0.004740644656066226,415,512,212480
mammographic,6,complexity_22,raw_tabular,0.1362750999008616,0.0016300047463610236,415,5,2075
mammographic,6,complexity_n2,raw_tabular,0.008613966715832552,3.80303369639818e-05,415,5,2075
mammographic,6,complexity_l1,raw_tabular,0.0007832332824667295,8.243728012729919e-05,415,5,2075
mammographic,6,encoding,shared,0.15996440003315607,0.0013511171417533764,415,5,2075
mammographic,6,feature_extraction,imagenet,0.1447716667316854,0.0017415446100114457,415,512,212480
mammographic,6,hscore,imagenet,0.05228829998522997,0.0012161762364572596,415,512,212480
mammographic,6,transrate,imagenet,0.012523499969393014,0.004039667143105331,415,512,212480
mammographic,6,feature_extraction,random,0.14865919994190335,0.0033517338508846123,415,512,212480
mammographic,6,hscore,random,0.05120117990300059,0.00031016288417144185,415,512,212480
mammographic,6,transrate,random,0.0126112200319767,0.002728731386891197,415,512,212480
mammographic,7,complexity_22,raw_tabular,0.14897310004259148,0.0007115627161881885,415,5,2075
mammographic,7,complexity_n2,raw_tabular,0.00868433341383934,6.440380858963546e-05,415,5,2075
mammographic,7,complexity_l1,raw_tabular,0.0007130002292493979,6.92859260056757e-06,415,5,2075
mammographic,7,encoding,shared,0.16266513336449862,0.0013614848879768882,415,5,2075
mammographic,7,feature_extraction,imagenet,0.14612646664803228,0.0016682934914056225,415,512,212480
mammographic,7,hscore,imagenet,0.05499534010887146,0.0024952178942440582,415,512,212480
mammographic,7,transrate,imagenet,0.010836960095912219,0.0006440357441704324,415,512,212480
mammographic,7,feature_extraction,random,0.14998163344959417,0.004193899921178205,415,512,212480
mammographic,7,hscore,random,0.053282540012151006,0.0009349033319340204,415,512,212480
mammographic,7,transrate,random,0.010230880044400693,0.0009188885209185451,415,512,212480
mammographic,8,complexity_22,raw_tabular,0.13890933354074755,0.0025827602892762487,415,5,2075
mammographic,8,complexity_n2,raw_tabular,0.008498333239307007,0.00011250722447513593,415,5,2075
mammographic,8,complexity_l1,raw_tabular,0.0007006333520015081,1.3889972202660282e-05,415,5,2075
mammographic,8,encoding,shared,0.16139323341970643,0.0009630960260350548,415,5,2075
mammographic,8,feature_extraction,imagenet,0.15154916668931642,0.005292872190270613,415,512,212480
mammographic,8,hscore,imagenet,0.052385880053043364,0.000321332447725867,415,512,212480
mammographic,8,transrate,imagenet,0.0138756999745965,0.0030465244958975822,415,512,212480
mammographic,8,feature_extraction,random,0.15667959985633692,0.003116236701740709,415,512,212480
mammographic,8,hscore,random,0.052778860088437796,0.0008077661442695461,415,512,212480
mammographic,8,transrate,random,0.012929779943078756,0.0038318727378682136,415,512,212480
mammographic,9,complexity_22,raw_tabular,0.1455945998119811,0.0012363546778357947,415,5,2075
mammographic,9,complexity_n2,raw_tabular,0.009200999978929758,0.00010583820100832428,415,5,2075
mammographic,9,complexity_l1,raw_tabular,0.0006975332895914713,1.2917614461442431e-05,415,5,2075
mammographic,9,encoding,shared,0.1580414668036004,0.004374981045059727,415,5,2075
mammographic,9,feature_extraction,imagenet,0.14350336665908495,0.00042506538554987444,415,512,212480
mammographic,9,hscore,imagenet,0.052208139933645724,0.001257530204503199,415,512,212480
mammographic,9,transrate,imagenet,0.01470140004530549,0.003012826890889562,415,512,212480
mammographic,9,feature_extraction,random,0.1504384335130453,0.004619952878862907,415,512,212480
mammographic,9,hscore,random,0.053623900096863505,0.0010293982069920322,415,512,212480
mammographic,9,transrate,random,0.010192700009793044,0.0004476138844134565,415,512,212480
monk-2,0,complexity_22,raw_tabular,0.04218926668787996,0.0006520494218012152,216,6,1296
monk-2,0,complexity_n2,raw_tabular,0.0017971000634133816,0.0001559062887959505,216,6,1296
monk-2,0,complexity_l1,raw_tabular,0.0005123000591993332,1.6434909421663107e-05,216,6,1296
monk-2,0,encoding,shared,0.08386593343069156,0.0010881586773564635,216,6,1296
monk-2,0,feature_extraction,imagenet,0.07770839985460043,0.001865795154990869,216,512,110592
monk-2,0,hscore,imagenet,0.04902173997834325,0.0010585838779672001,216,512,110592
monk-2,0,transrate,imagenet,0.012208100035786628,0.003941364491397611,216,512,110592
monk-2,0,feature_extraction,random,0.07733499988292654,0.0010695537735605199,216,512,110592
monk-2,0,hscore,random,0.049143920000642535,0.000697284311631562,216,512,110592
monk-2,0,transrate,random,0.008966160099953413,0.00041847927689490233,216,512,110592
monk-2,1,complexity_22,raw_tabular,0.04142270004376769,5.6580507292328896e-05,216,6,1296
monk-2,1,complexity_n2,raw_tabular,0.0015629332823057969,1.8132359724541362e-05,216,6,1296
monk-2,1,complexity_l1,raw_tabular,0.0005274000577628613,7.155700330737515e-06,216,6,1296
monk-2,1,encoding,shared,0.08170680018762748,0.00023397542672014244,216,6,1296
monk-2,1,feature_extraction,imagenet,0.0750791000512739,0.0005986042665718734,216,512,110592
monk-2,1,hscore,imagenet,0.048026179894804955,0.0010624692130975402,216,512,110592
monk-2,1,transrate,imagenet,0.009681559819728135,0.0013123071784084883,216,512,110592
monk-2,1,feature_extraction,random,0.07738200000797708,0.003638033416258755,216,512,110592
monk-2,1,hscore,random,0.04902895987033844,0.0026957953244575593,216,512,110592
monk-2,1,transrate,random,0.009312659967690706,0.0004924546892245295,216,512,110592
monk-2,2,complexity_22,raw_tabular,0.0420908333423237,0.00011135057445528318,216,6,1296
monk-2,2,complexity_n2,raw_tabular,0.0015521333552896976,7.914573280505526e-06,216,6,1296
monk-2,2,complexity_l1,raw_tabular,0.0005128333965937296,8.572297716897898e-06,216,6,1296
monk-2,2,encoding,shared,0.08310703312357266,0.0001680568542746121,216,6,1296
monk-2,2,feature_extraction,imagenet,0.0821843664161861,0.004964225246757957,216,512,110592
monk-2,2,hscore,imagenet,0.04907660000026226,0.0015587076490943537,216,512,110592
monk-2,2,transrate,imagenet,0.009865340031683444,0.0013235518447916605,216,512,110592
monk-2,2,feature_extraction,random,0.08178310018653671,0.005099855271265857,216,512,110592
monk-2,2,hscore,random,0.04873748011887073,0.0016119679737202903,216,512,110592
monk-2,2,transrate,random,0.01036793990060687,0.0029773914177857377,216,512,110592
monk-2,3,complexity_22,raw_tabular,0.04244419994453589,0.001629050374899633,216,6,1296
monk-2,3,complexity_n2,raw_tabular,0.0017314334399998188,0.00012400232451873974,216,6,1296
monk-2,3,complexity_l1,raw_tabular,0.0005492333633204302,3.877850035370415e-05,216,6,1296
monk-2,3,encoding,shared,0.08519303348536293,0.00025185361147388554,216,6,1296
monk-2,3,feature_extraction,imagenet,0.08356503335138162,0.0042936904730820425,216,512,110592
monk-2,3,hscore,imagenet,0.04815281992778182,0.000467169155554924,216,512,110592
monk-2,3,transrate,imagenet,0.009311060048639774,0.001084146067503716,216,512,110592
monk-2,3,feature_extraction,random,0.0758207665445904,0.0013502090413735261,216,512,110592
monk-2,3,hscore,random,0.04924733992666006,0.0013421235680069893,216,512,110592
monk-2,3,transrate,random,0.009187139850109816,0.0006288220508182898,216,512,110592
monk-2,4,complexity_22,raw_tabular,0.04168270000567039,0.000161130516003737,216,6,1296
monk-2,4,complexity_n2,raw_tabular,0.0015938001063962777,5.385627346333127e-06,216,6,1296
monk-2,4,complexity_l1,raw_tabular,0.0005009000500043234,8.08137702716382e-06,216,6,1296
monk-2,4,encoding,shared,0.08548196653525035,0.0018812047475022008,216,6,1296
monk-2,4,feature_extraction,imagenet,0.07820199988782406,0.002985931169374896,216,512,110592
monk-2,4,hscore,imagenet,0.05073519991710782,0.0012558255546572313,216,512,110592
monk-2,4,transrate,imagenet,0.009793119970709085,0.0003169058499526962,216,512,110592
monk-2,4,feature_extraction,random,0.07753240006665389,0.002947817037307369,216,512,110592
monk-2,4,hscore,random,0.05090087987482548,0.0009647067429126521,216,512,110592
monk-2,4,transrate,random,0.009102500230073928,0.00038112177089707003,216,512,110592
monk-2,5,complexity_22,raw_tabular,0.04143946664407849,0.00033822110258558227,216,6,1296
monk-2,5,complexity_n2,raw_tabular,0.0016186332019666831,4.799073943684586e-05,216,6,1296
monk-2,5,complexity_l1,raw_tabular,0.0005095000378787518,1.4277363352120582e-05,216,6,1296
monk-2,5,encoding,shared,0.0831733332015574,0.0008807749255784814,216,6,1296
monk-2,5,feature_extraction,imagenet,0.07701230002567172,0.001537298032091734,216,512,110592
monk-2,5,hscore,imagenet,0.04969377983361482,0.0019189415860860284,216,512,110592
monk-2,5,transrate,imagenet,0.010916960053145885,0.002126702635995869,216,512,110592
monk-2,5,feature_extraction,random,0.07931479997932911,0.00624687139991335,216,512,110592
monk-2,5,hscore,random,0.04816729985177517,0.0010327461729048332,216,512,110592
monk-2,5,transrate,random,0.010373839922249318,0.0012022018385582619,216,512,110592
monk-2,6,complexity_22,raw_tabular,0.04152676680435737,0.0005492163329974887,216,6,1296
monk-2,6,complexity_n2,raw_tabular,0.0015511332700649898,1.8934229610035238e-05,216,6,1296
monk-2,6,complexity_l1,raw_tabular,0.0004927666547397772,1.0469015974165652e-05,216,6,1296
monk-2,6,encoding,shared,0.0814144667237997,0.0004580623404916422,216,6,1296
monk-2,6,feature_extraction,imagenet,0.08114349997291963,0.003969173594653944,216,512,110592
monk-2,6,hscore,imagenet,0.04859984004870057,0.00047784986135603687,216,512,110592
monk-2,6,transrate,imagenet,0.010013859998434783,0.0006747949717272029,216,512,110592
monk-2,6,feature_extraction,random,0.07927153321603934,0.0006921534288522905,216,512,110592
monk-2,6,hscore,random,0.04888320025056601,0.0011349094181321618,216,512,110592
monk-2,6,transrate,random,0.00889091994613409,0.000629353602677943,216,512,110592
monk-2,7,complexity_22,raw_tabular,0.04254643324141701,0.00027983167238912026,216,6,1296
monk-2,7,complexity_n2,raw_tabular,0.0015579333218435447,7.476686325144696e-06,216,6,1296
monk-2,7,complexity_l1,raw_tabular,0.0005056667141616344,9.203738795793641e-06,216,6,1296
monk-2,7,encoding,shared,0.08427079984297355,0.0020287010949261467,216,6,1296
monk-2,7,feature_extraction,imagenet,0.0750541331556936,6.0129122572687494e-05,216,512,110592
monk-2,7,hscore,imagenet,0.04773623989894986,0.00043769385254759286,216,512,110592
monk-2,7,transrate,imagenet,0.011436920147389174,0.003103965866448679,216,512,110592
monk-2,7,feature_extraction,random,0.07950013332689802,0.00536201471716725,216,512,110592
monk-2,7,hscore,random,0.05022957986220718,0.0016384740015725583,216,512,110592
monk-2,7,transrate,random,0.011243320070207119,0.003079832250488325,216,512,110592
monk-2,8,complexity_22,raw_tabular,0.04201043335100015,0.00025538870355547956,216,6,1296
monk-2,8,complexity_n2,raw_tabular,0.0015621332762142022,5.215650888912407e-06,216,6,1296
monk-2,8,complexity_l1,raw_tabular,0.0005326331593096256,2.7314234545509204e-05,216,6,1296
monk-2,8,encoding,shared,0.08862473350018263,0.006593840911806794,216,6,1296
monk-2,8,feature_extraction,imagenet,0.07563143332178394,0.00020674357273519337,216,512,110592
monk-2,8,hscore,imagenet,0.048184599913656714,0.0014333070873004906,216,512,110592
monk-2,8,transrate,imagenet,0.008794159907847644,0.0003466909372280099,216,512,110592
monk-2,8,feature_extraction,random,0.07917733350768685,0.0031284281702134748,216,512,110592
monk-2,8,hscore,random,0.04856412000954151,0.0005433822581940112,216,512,110592
monk-2,8,transrate,random,0.01114992005750537,0.0025362772836525897,216,512,110592
monk-2,9,complexity_22,raw_tabular,0.04288126683483521,0.0005804380604424988,216,6,1296
monk-2,9,complexity_n2,raw_tabular,0.0015898665102819602,3.5742493784167607e-06,216,6,1296
monk-2,9,complexity_l1,raw_tabular,0.0005112667568027973,1.0485175297031262e-05,216,6,1296
monk-2,9,encoding,shared,0.08295043325051665,0.0009094742330311351,216,6,1296
monk-2,9,feature_extraction,imagenet,0.07538353341321151,0.0003698421374188639,216,512,110592
monk-2,9,hscore,imagenet,0.04837366007268429,0.0009254923216026886,216,512,110592
monk-2,9,transrate,imagenet,0.008742640167474747,0.0003964774003639925,216,512,110592
monk-2,9,feature_extraction,random,0.0760921665156881,0.0017486054146004437,216,512,110592
monk-2,9,hscore,random,0.04812643993645906,0.0005991471439857399,216,512,110592
monk-2,9,transrate,random,0.012988300062716007,0.0027619256461143137,216,512,110592
monkone,0,complexity_22,raw_tabular,0.05918693325171868,0.0007498067513216312,278,6,1668
monkone,0,complexity_n2,raw_tabular,0.0030239333088199296,2.735473883141321e-06,278,6,1668
monkone,0,complexity_l1,raw_tabular,0.0005606000001231829,3.464953489728934e-06,278,6,1668
monkone,0,encoding,shared,0.10500856659685572,0.0007411556215972398,278,6,1668
monkone,0,feature_extraction,imagenet,0.10077529990424712,0.002526398915937579,278,512,142336
monkone,0,hscore,imagenet,0.04900445993989706,0.000445747878447032,278,512,142336
monkone,0,transrate,imagenet,0.01002743998542428,0.000510755527224191,278,512,142336
monkone,0,feature_extraction,random,0.09703176670397322,0.0001392109537491663,278,512,142336
monkone,0,hscore,random,0.04941374007612467,0.001105980560203007,278,512,142336
monkone,0,transrate,random,0.011848580092191696,0.003504783359559188,278,512,142336
monkone,1,complexity_22,raw_tabular,0.05889763326073686,0.0008517905444932606,278,6,1668
monkone,1,complexity_n2,raw_tabular,0.00313510000705719,2.5576117925840216e-05,278,6,1668
monkone,1,complexity_l1,raw_tabular,0.0005943668074905872,9.21811568457193e-05,278,6,1668
monkone,1,encoding,shared,0.10661309988548358,0.000453810021617644,278,6,1668
monkone,1,feature_extraction,imagenet,0.10636526656647523,0.008478117747964533,278,512,142336
monkone,1,hscore,imagenet,0.049963780026882884,0.001230336267501995,278,512,142336
monkone,1,transrate,imagenet,0.009834819938987494,0.0006773209457229505,278,512,142336
monkone,1,feature_extraction,random,0.1078412332572043,0.009565868995816369,278,512,142336
monkone,1,hscore,random,0.04917562007904053,0.000394537791106582,278,512,142336
monkone,1,transrate,random,0.009625620022416116,0.00036464439886438267,278,512,142336
monkone,2,complexity_22,raw_tabular,0.05964723338062564,0.0007935018988026976,278,6,1668
monkone,2,complexity_n2,raw_tabular,0.003697066567838192,0.0005620848486595365,278,6,1668
monkone,2,complexity_l1,raw_tabular,0.0005379333160817623,7.383016844630539e-06,278,6,1668
monkone,2,encoding,shared,0.1070288666523993,0.00073029360055233,278,6,1668
monkone,2,feature_extraction,imagenet,0.10028916643932462,0.0025836309237686865,278,512,142336
monkone,2,hscore,imagenet,0.04980676015838981,0.0006894223244046818,278,512,142336
monkone,2,transrate,imagenet,0.010854600090533495,0.0015943103855196351,278,512,142336
monkone,2,feature_extraction,random,0.10591533329958717,0.0024878836540265237,278,512,142336
monkone,2,hscore,random,0.05078115994110703,0.0011502346505075295,278,512,142336
monkone,2,transrate,random,0.011650060024112462,0.0026206567412725822,278,512,142336
monkone,3,complexity_22,raw_tabular,0.05942980029309789,0.00031933059230825864,278,6,1668
monkone,3,complexity_n2,raw_tabular,0.003071566578000784,2.908560601244004e-05,278,6,1668
monkone,3,complexity_l1,raw_tabular,0.0005702000732223192,6.597352426041797e-05,278,6,1668
monkone,3,encoding,shared,0.10623383320247133,0.001222313634623201,278,6,1668
monkone,3,feature_extraction,imagenet,0.10010803335656722,0.003859637541013444,278,512,142336
monkone,3,hscore,imagenet,0.05072632003575563,0.0017942268225941721,278,512,142336
monkone,3,transrate,imagenet,0.010539359971880912,0.0009374735289644088,278,512,142336
monkone,3,feature_extraction,random,0.09984629989291231,0.002852985503835617,278,512,142336
monkone,3,hscore,random,0.04999660011380911,0.0008208547181105797,278,512,142336
monkone,3,transrate,random,0.011775040067732334,0.0032198653923701187,278,512,142336
monkone,4,complexity_22,raw_tabular,0.05970359997202953,0.001388941267476991,278,6,1668
monkone,4,complexity_n2,raw_tabular,0.0029511665925383568,1.973599599841442e-05,278,6,1668
monkone,4,complexity_l1,raw_tabular,0.0005159000866115093,4.8462308389255086e-06,278,6,1668
monkone,4,encoding,shared,0.1056213000168403,0.0012785803668539865,278,6,1668
monkone,4,feature_extraction,imagenet,0.09741173343112071,0.0005944942780234172,278,512,142336
monkone,4,hscore,imagenet,0.04970310013741255,0.0006851516045007189,278,512,142336
monkone,4,transrate,imagenet,0.009952920023351908,0.0005631700177685627,278,512,142336
monkone,4,feature_extraction,random,0.10063916662087043,0.003000680914640562,278,512,142336
monkone,4,hscore,random,0.05015423996374011,0.0009041477495570529,278,512,142336
monkone,4,transrate,random,0.009869759902358055,0.00077021206759312,278,512,142336
monkone,5,complexity_22,raw_tabular,0.06009696672360102,0.0022931195864393703,278,6,1668
monkone,5,complexity_n2,raw_tabular,0.0029788000198702016,1.2611265325335409e-05,278,6,1668
monkone,5,complexity_l1,raw_tabular,0.0005365669106443723,7.015443305304163e-06,278,6,1668
monkone,5,encoding,shared,0.1050936000732084,0.0005255829047183759,278,6,1668
monkone,5,feature_extraction,imagenet,0.1000677002593875,0.004294911141347876,278,512,142336
monkone,5,hscore,imagenet,0.05189279997721315,0.0019105134770204318,278,512,142336
monkone,5,transrate,imagenet,0.009154959954321385,0.00031178389488228264,278,512,142336
monkone,5,feature_extraction,random,0.10156546641762058,0.00613638341015003,278,512,142336
monkone,5,hscore,random,0.05018458003178239,0.0012222638909495634,278,512,142336
monkone,5,transrate,random,0.009744419902563094,0.0002343273833358506,278,512,142336
monkone,6,complexity_22,raw_tabular,0.05910893343389034,0.0014426264843453943,278,6,1668
monkone,6,complexity_n2,raw_tabular,0.0031079666999479136,9.487738875568265e-05,278,6,1668
monkone,6,complexity_l1,raw_tabular,0.0005441331304609776,1.558832520429221e-05,278,6,1668
monkone,6,encoding,shared,0.10713946679607034,0.0004392740371816932,278,6,1668
monkone,6,feature_extraction,imagenet,0.10691926690439384,0.000799523882176625,278,512,142336
monkone,6,hscore,imagenet,0.05118058007210493,0.0003949667635998968,278,512,142336
monkone,6,transrate,imagenet,0.009365280065685511,0.0002932424986554357,278,512,142336
monkone,6,feature_extraction,random,0.10096633325641353,0.004121714102216084,278,512,142336
monkone,6,hscore,random,0.0549995600245893,0.00040869717360339687,278,512,142336
monkone,6,transrate,random,0.011030340101569891,0.0014095360176791397,278,512,142336
monkone,7,complexity_22,raw_tabular,0.05915003331998984,0.00046440220705989065,278,6,1668
monkone,7,complexity_n2,raw_tabular,0.0032267666732271514,8.331120835163858e-05,278,6,1668
monkone,7,complexity_l1,raw_tabular,0.0005356666321555773,1.8200788238488324e-05,278,6,1668
monkone,7,encoding,shared,0.11002993350848556,0.00039822739546447954,278,6,1668
monkone,7,feature_extraction,imagenet,0.1039291665268441,0.00586577545199484,278,512,142336
monkone,7,hscore,imagenet,0.050272580049932,0.0007124266041166679,278,512,142336
monkone,7,transrate,imagenet,0.010901979915797711,0.0033058125272781374,278,512,142336
monkone,7,feature_extraction,random,0.10338330004985134,0.0052594358231255025,278,512,142336
monkone,7,hscore,random,0.050987259950488806,0.0017623391469567037,278,512,142336
monkone,7,transrate,random,0.010524800047278404,0.0012014961278617486,278,512,142336
monkone,8,complexity_22,raw_tabular,0.059151433408260345,0.0013432637262979455,278,6,1668
monkone,8,complexity_n2,raw_tabular,0.0030488334596157074,9.973544307849822e-06,278,6,1668
monkone,8,complexity_l1,raw_tabular,0.000535300001502037,1.125254783677584e-05,278,6,1668
monkone,8,encoding,shared,0.10816513327881694,0.001022990345051978,278,6,1668
monkone,8,feature_extraction,imagenet,0.10245833328614633,0.005750083448173167,278,512,142336
monkone,8,hscore,imagenet,0.05069312015548348,0.0009161138561753162,278,512,142336
monkone,8,transrate,imagenet,0.010216180048882962,0.001490250265775116,278,512,142336
monkone,8,feature_extraction,random,0.10410006654759248,0.001277181600703789,278,512,142336
monkone,8,hscore,random,0.051293200068175795,0.0015757696937349506,278,512,142336
monkone,8,transrate,random,0.010646439995616675,0.0020715714138594223,278,512,142336
monkone,9,complexity_22,raw_tabular,0.059260366639743246,0.0009337853537254918,278,6,1668
monkone,9,complexity_n2,raw_tabular,0.0030642665612200894,3.400344307612468e-06,278,6,1668
monkone,9,complexity_l1,raw_tabular,0.0005473998996118704,2.735552920055379e-05,278,6,1668
monkone,9,encoding,shared,0.10958609993879993,0.0003067266505051253,278,6,1668
monkone,9,feature_extraction,imagenet,0.10267830019195874,0.005253533011833674,278,512,142336
monkone,9,hscore,imagenet,0.05119137996807695,0.000857874856885329,278,512,142336
monkone,9,transrate,imagenet,0.009974680002778768,0.0008744706904194998,278,512,142336
monkone,9,feature_extraction,random,0.10695033334195614,0.00742273909512759,278,512,142336
monkone,9,hscore,random,0.05150181986391544,0.0012633575320354494,278,512,142336
monkone,9,transrate,random,0.011741679906845093,0.0030766040136643554,278,512,142336
phoneme,0,complexity_22,raw_tabular,4.354545533191413,0.01735764516465689,2702,5,13510
phoneme,0,complexity_n2,raw_tabular,0.46599630002553266,0.005688386709404048,2702,5,13510
phoneme,0,complexity_l1,raw_tabular,0.0017903666011989117,7.566113324324216e-05,2702,5,13510
phoneme,0,encoding,shared,1.0985474002858002,0.008935186029115806,2702,5,13510
phoneme,0,feature_extraction,imagenet,0.9446249000417689,0.00765938117467032,2702,512,1383424
phoneme,0,hscore,imagenet,0.06802529999986291,0.001579218913759558,2702,512,1383424
phoneme,0,transrate,imagenet,0.024799499940127135,0.0007406899103317179,2702,512,1383424
phoneme,0,feature_extraction,random,0.9769464332299928,0.009351658123712588,2702,512,1383424
phoneme,0,hscore,random,0.07470466010272503,0.0015852685310178449,2702,512,1383424
phoneme,0,transrate,random,0.025252199918031692,0.00256244958108454,2702,512,1383424
phoneme,1,complexity_22,raw_tabular,4.293523899900417,0.024595702923974474,2702,5,13510
phoneme,1,complexity_n2,raw_tabular,0.38622090003142756,0.006178591214322806,2702,5,13510
phoneme,1,complexity_l1,raw_tabular,0.0018479667293528716,9.149576417145102e-05,2702,5,13510
phoneme,1,encoding,shared,1.106774799991399,0.01388313576795553,2702,5,13510
phoneme,1,feature_extraction,imagenet,0.9651938000073036,0.008214900161111052,2702,512,1383424
phoneme,1,hscore,imagenet,0.07154636010527611,0.002418151599765227,2702,512,1383424
phoneme,1,transrate,imagenet,0.02433535987511277,0.00040157940789277424,2702,512,1383424
phoneme,1,feature_extraction,random,0.9552221667642394,0.0026391162046147344,2702,512,1383424
phoneme,1,hscore,random,0.10050491988658905,0.003986317816111949,2702,512,1383424
phoneme,1,transrate,random,0.03768260003998876,0.0013180057192450302,2702,512,1383424
phoneme,2,complexity_22,raw_tabular,4.2564094999494655,0.020813090562619162,2702,5,13510
phoneme,2,complexity_n2,raw_tabular,0.4002974665102859,0.009519699539186867,2702,5,13510
phoneme,2,complexity_l1,raw_tabular,0.0019035668422778447,9.34669342837005e-05,2702,5,13510
phoneme,2,encoding,shared,1.093795033171773,0.010518119054845721,2702,5,13510
phoneme,2,feature_extraction,imagenet,0.9809721334216496,0.02050944403047362,2702,512,1383424
phoneme,2,hscore,imagenet,0.09532225988805294,0.002458370651397792,2702,512,1383424
phoneme,2,transrate,imagenet,0.03360585980117321,0.002302173082099282,2702,512,1383424
phoneme,2,feature_extraction,random,0.9741051001474261,0.028503930356621902,2702,512,1383424
phoneme,2,hscore,random,0.10000221990048885,0.004597229958819425,2702,512,1383424
phoneme,2,transrate,random,0.03546746000647545,0.0017054319301021594,2702,512,1383424
phoneme,3,complexity_22,raw_tabular,4.279880700012048,0.024654315248881915,2702,5,13510
phoneme,3,complexity_n2,raw_tabular,0.39572896668687463,0.0016231050518492349,2702,5,13510
phoneme,3,complexity_l1,raw_tabular,0.0018594667005042236,0.0002182821457397773,2702,5,13510
phoneme,3,encoding,shared,1.105904599962135,0.049622639135569635,2702,5,13510
phoneme,3,feature_extraction,imagenet,1.0534138668638964,0.008271036666050158,2702,512,1383424
phoneme,3,hscore,imagenet,0.0959384199231863,0.004150546132686697,2702,512,1383424
phoneme,3,transrate,imagenet,0.0349498400464654,0.0021948014488685566,2702,512,1383424
phoneme,3,feature_extraction,random,1.066365166567266,0.014117891623948496,2702,512,1383424
phoneme,3,hscore,random,0.10042681992053985,0.004971947596316413,2702,512,1383424
phoneme,3,transrate,random,0.03159400001168251,0.0008434499516586875,2702,512,1383424
phoneme,4,complexity_22,raw_tabular,4.406856433488429,0.01662576860517094,2702,5,13510
phoneme,4,complexity_n2,raw_tabular,0.43073363322764635,0.008042341781418418,2702,5,13510
phoneme,4,complexity_l1,raw_tabular,0.001736366655677557,0.00011092519844239029,2702,5,13510
phoneme,4,encoding,shared,1.12648513338839,0.01226656936722152,2702,5,13510
phoneme,4,feature_extraction,imagenet,0.968197733319054,0.008090306857970955,2702,512,1383424
phoneme,4,hscore,imagenet,0.09345901999622583,0.001324145919978363,2702,512,1383424
phoneme,4,transrate,imagenet,0.03341334005817771,0.0016102856496564217,2702,512,1383424
phoneme,4,feature_extraction,random,0.960600999960055,0.01630356004979721,2702,512,1383424
phoneme,4,hscore,random,0.10323759997263551,0.005065183690304866,2702,512,1383424
phoneme,4,transrate,random,0.03637636005878449,0.0031466941160147085,2702,512,1383424
phoneme,5,complexity_22,raw_tabular,4.249283533077687,0.019047965566773167,2702,5,13510
phoneme,5,complexity_n2,raw_tabular,0.3627563666862746,0.008721828430305502,2702,5,13510
phoneme,5,complexity_l1,raw_tabular,0.0016343334379295509,5.461443541430901e-05,2702,5,13510
phoneme,5,encoding,shared,1.0625011332643528,0.00655347192856401,2702,5,13510
phoneme,5,feature_extraction,imagenet,0.9997283332049847,0.007312711160211719,2702,512,1383424
phoneme,5,hscore,imagenet,0.09459963999688625,0.0036288097570938284,2702,512,1383424
phoneme,5,transrate,imagenet,0.03269301997497678,0.0015414933835159609,2702,512,1383424
phoneme,5,feature_extraction,random,1.0200546002015471,0.03701049984467685,2702,512,1383424
phoneme,5,hscore,random,0.09993144003674388,0.004172686965945882,2702,512,1383424
phoneme,5,transrate,random,0.03528005992993712,0.001516032261457671,2702,512,1383424
phoneme,6,complexity_22,raw_tabular,4.314899466621379,0.009967654426910043,2702,5,13510
phoneme,6,complexity_n2,raw_tabular,0.34064420017724234,0.007754140974566368,2702,5,13510
phoneme,6,complexity_l1,raw_tabular,0.0015337667427957058,0.00019296870832801168,2702,5,13510
phoneme,6,encoding,shared,1.0558018668865163,0.0007707249701352455,2702,5,13510
phoneme,6,feature_extraction,imagenet,0.9428145000711083,0.0021803453614490363,2702,512,1383424
phoneme,6,hscore,imagenet,0.09894562000408769,0.0019236283883730194,2702,512,1383424
phoneme,6,transrate,imagenet,0.03220739997923374,0.0025635197725030617,2702,512,1383424
phoneme,6,feature_extraction,random,0.948711366703113,0.004034049442062591,2702,512,1383424
phoneme,6,hscore,random,0.09574033981189131,0.00329784575422145,2702,512,1383424
phoneme,6,transrate,random,0.03577174004167318,0.002097987292313862,2702,512,1383424
phoneme,7,complexity_22,raw_tabular,4.3151316666044295,0.032494930201187724,2702,5,13510
phoneme,7,complexity_n2,raw_tabular,0.3254974000155926,0.001177404838750462,2702,5,13510
phoneme,7,complexity_l1,raw_tabular,0.0014891998531917732,0.00015094686004008028,2702,5,13510
phoneme,7,encoding,shared,1.083933633286506,0.01443911923438556,2702,5,13510
phoneme,7,feature_extraction,imagenet,0.9768286333419383,0.021907912002790596,2702,512,1383424
phoneme,7,hscore,imagenet,0.06957657998427749,0.0006109447433530704,2702,512,1383424
phoneme,7,transrate,imagenet,0.02399258017539978,0.00025718184605995223,2702,512,1383424
phoneme,7,feature_extraction,random,0.9987749001011252,0.016167172101635607,2702,512,1383424
phoneme,7,hscore,random,0.07191198002547025,0.00035268340976681733,2702,512,1383424
phoneme,7,transrate,random,0.022983299940824507,0.00015224984421650882,2702,512,1383424
phoneme,8,complexity_22,raw_tabular,4.326703799888492,0.028313475686683298,2702,5,13510
phoneme,8,complexity_n2,raw_tabular,0.37007760008176166,0.002333427260995095,2702,5,13510
phoneme,8,complexity_l1,raw_tabular,0.0017200334308048089,0.0001553762734903484,2702,5,13510
phoneme,8,encoding,shared,1.0748864666869242,0.008468682833922048,2702,5,13510
phoneme,8,feature_extraction,imagenet,1.0772677664645016,0.03385262841328354,2702,512,1383424
phoneme,8,hscore,imagenet,0.09338146019726992,0.0030636017765028763,2702,512,1383424
phoneme,8,transrate,imagenet,0.03606156008318066,0.0016778364664089848,2702,512,1383424
phoneme,8,feature_extraction,random,0.9668718332735201,0.021265932372091016,2702,512,1383424
phoneme,8,hscore,random,0.10242859991267324,0.0018383811433116213,2702,512,1383424
phoneme,8,transrate,random,0.026830239966511727,0.002239516458182045,2702,512,1383424
phoneme,9,complexity_22,raw_tabular,4.399095766867201,0.009288791661848657,2702,5,13510
phoneme,9,complexity_n2,raw_tabular,0.3723495667800307,0.001335382667555828,2702,5,13510
phoneme,9,complexity_l1,raw_tabular,0.0016203667037189007,0.0001547498365641142,2702,5,13510
phoneme,9,encoding,shared,1.129709966480732,0.019462161299054745,2702,5,13510
phoneme,9,feature_extraction,imagenet,0.9640231666465601,0.009811318297059737,2702,512,1383424
phoneme,9,hscore,imagenet,0.10343261994421482,0.003869860764317909,2702,512,1383424
phoneme,9,transrate,imagenet,0.032843459956347944,0.0009260044475763447,2702,512,1383424
phoneme,9,feature_extraction,random,0.9533651332991818,0.005742163102153161,2702,512,1383424
phoneme,9,hscore,random,0.09945684000849724,0.0019299810205397235,2702,512,1383424
phoneme,9,transrate,random,0.03137308014556765,0.0015336267754179366,2702,512,1383424
pima,0,complexity_22,raw_tabular,0.13214493341123065,0.0018090854362370482,384,8,3072
pima,0,complexity_n2,raw_tabular,0.01085530004153649,0.0003299039444817751,384,8,3072
pima,0,complexity_l1,raw_tabular,0.0014029665229221184,8.891933581237162e-05,384,8,3072
pima,0,encoding,shared,0.14680910017341375,0.0006260293408699277,384,8,3072
pima,0,feature_extraction,imagenet,0.14002099990223846,0.004485886500077421,384,512,196608
pima,0,hscore,imagenet,0.07403282001614571,0.0017888261340337681,384,512,196608
pima,0,transrate,imagenet,0.012463820166885853,0.0009740159786851985,384,512,196608
pima,0,feature_extraction,random,0.13647486673047146,0.0017981856127955596,384,512,196608
pima,0,hscore,random,0.07000012006610631,0.0020831791431071096,384,512,196608
pima,0,transrate,random,0.014928779937326908,0.003321342207854383,384,512,196608
pima,1,complexity_22,raw_tabular,0.12637713318690658,0.0016823986565605267,384,8,3072
pima,1,complexity_n2,raw_tabular,0.01048906659707427,0.0006886285863609051,384,8,3072
pima,1,complexity_l1,raw_tabular,0.0011646663770079613,0.00011413854719001473,384,8,3072
pima,1,encoding,shared,0.15135283349081874,0.0032949431016843175,384,8,3072
pima,1,feature_extraction,imagenet,0.135206933443745,0.0008768335171198038,384,512,196608
pima,1,hscore,imagenet,0.0758435799740255,0.001237204188666333,384,512,196608
pima,1,transrate,imagenet,0.01226117992773652,0.0015913835845939523,384,512,196608
pima,1,feature_extraction,random,0.13978083338588476,0.0034768027527428396,384,512,196608
pima,1,hscore,random,0.07421974008902907,0.0036784030162688936,384,512,196608
pima,1,transrate,random,0.01353926006704569,0.0025084601603000654,384,512,196608
pima,2,complexity_22,raw_tabular,0.1275398333867391,0.00011985890019222358,384,8,3072
pima,2,complexity_n2,raw_tabular,0.010497533095379671,0.000336789155723263,384,8,3072
pima,2,complexity_l1,raw_tabular,0.0010120001000662644,3.112648425257197e-05,384,8,3072
pima,2,encoding,shared,0.1484667000671228,0.0004954010708385242,384,8,3072
pima,2,feature_extraction,imagenet,0.1396722332574427,0.00597417288713687,384,512,196608
pima,2,hscore,imagenet,0.07014460004866123,0.0016803429249710254,384,512,196608
pima,2,transrate,imagenet,0.012773699965327978,0.0002581140642762688,384,512,196608
pima,2,feature_extraction,random,0.15845943335443735,0.019443472065885786,384,512,196608
pima,2,hscore,random,0.08162561999633908,0.0038838540418196796,384,512,196608
pima,2,transrate,random,0.013986259885132312,0.0003604190171584302,384,512,196608
pima,3,complexity_22,raw_tabular,0.12996563346435627,0.004850890897061521,384,8,3072
pima,3,complexity_n2,raw_tabular,0.010659099866946539,7.625047449000788e-05,384,8,3072
pima,3,complexity_l1,raw_tabular,0.0012554664475222428,6.230869254242147e-05,384,8,3072
pima,3,encoding,shared,0.1607733336277306,0.0010094325943370626,384,8,3072
pima,3,feature_extraction,imagenet,0.14202826687445244,0.002991137731960744,384,512,196608
pima,3,hscore,imagenet,0.06428108010441065,0.004496459138911582,384,512,196608
pima,3,transrate,imagenet,0.013150560017675162,0.001387599879640065,384,512,196608
pima,3,feature_extraction,random,0.14187203347682953,0.006032753721744784,384,512,196608
pima,3,hscore,random,0.07002456020563841,0.0019434390781805193,384,512,196608
pima,3,transrate,random,0.015104639809578657,0.0014220557351143494,384,512,196608
pima,4,complexity_22,raw_tabular,0.12817480011532703,0.0014072671797235414,384,8,3072
pima,4,complexity_n2,raw_tabular,0.01023069986452659,0.00011648960540013232,384,8,3072
pima,4,complexity_l1,raw_tabular,0.0011939999336997669,2.5929328188512243e-05,384,8,3072
pima,4,encoding,shared,0.1488958333308498,0.000891550474087584,384,8,3072
pima,4,feature_extraction,imagenet,0.14287106677268943,0.009158280332950042,384,512,196608
pima,4,hscore,imagenet,0.07184215988963842,0.0036808930092722745,384,512,196608
pima,4,transrate,imagenet,0.012110000010579824,0.0011065356118479793,384,512,196608
pima,4,feature_extraction,random,0.15440206695348024,0.0036561149381596366,384,512,196608
pima,4,hscore,random,0.07364360000938178,0.0021322279024225525,384,512,196608
pima,4,transrate,random,0.016875379998236895,0.004010470744769619,384,512,196608
pima,5,complexity_22,raw_tabular,0.13186986682315668,0.001506547586301122,384,8,3072
pima,5,complexity_n2,raw_tabular,0.010357666605462631,0.0001698916159502841,384,8,3072
pima,5,complexity_l1,raw_tabular,0.0011445667284230392,1.8485124644370705e-05,384,8,3072
pima,5,encoding,shared,0.15286316676065326,0.001041014466161119,384,8,3072
pima,5,feature_extraction,imagenet,0.15886159986257553,0.013168253061909434,384,512,196608
pima,5,hscore,imagenet,0.07167295999825,0.0026248661856051766,384,512,196608
pima,5,transrate,imagenet,0.01555239986628294,0.0031335184849454046,384,512,196608
pima,5,feature_extraction,random,0.13840823341161013,0.006413349871953089,384,512,196608
pima,5,hscore,random,0.06896971976384521,0.002420981024106414,384,512,196608
pima,5,transrate,random,0.014052459876984358,0.0019106999020742912,384,512,196608
pima,6,complexity_22,raw_tabular,0.12894496694207191,0.004070749295729613,384,8,3072
pima,6,complexity_n2,raw_tabular,0.010212533175945282,0.00010431099498039874,384,8,3072
pima,6,complexity_l1,raw_tabular,0.0010705666306118171,2.3027888735706588e-05,384,8,3072
pima,6,encoding,shared,0.15551293346409997,0.007028127904535679,384,8,3072
pima,6,feature_extraction,imagenet,0.13396913340936104,0.0015712156927417088,384,512,196608
pima,6,hscore,imagenet,0.07318565994501114,0.00304815281797171,384,512,196608
pima,6,transrate,imagenet,0.013039680011570454,0.001658189596265205,384,512,196608
pima,6,feature_extraction,random,0.13928946666419506,0.003987752053635486,384,512,196608
pima,6,hscore,random,0.06865261988714337,0.006288215173918866,384,512,196608
pima,6,transrate,random,0.011963060032576323,0.0005706737268573208,384,512,196608
pima,7,complexity_22,raw_tabular,0.1367487000922362,0.003303227870357472,384,8,3072
pima,7,complexity_n2,raw_tabular,0.010223900123188892,0.00017079308504091144,384,8,3072
pima,7,complexity_l1,raw_tabular,0.001837966653207938,4.936992196417541e-05,384,8,3072
pima,7,encoding,shared,0.15692819996426502,0.005422013013620606,384,8,3072
pima,7,feature_extraction,imagenet,0.14289350000520548,0.004558971689184743,384,512,196608
pima,7,hscore,imagenet,0.06928850002586842,0.0031965833741591488,384,512,196608
pima,7,transrate,imagenet,0.014034019783139229,0.0029765324841814424,384,512,196608
pima,7,feature_extraction,random,0.14217523345723748,0.0059051856287835715,384,512,196608
pima,7,hscore,random,0.07050332007929683,0.002518004598428589,384,512,196608
pima,7,transrate,random,0.011908179987221957,0.0008737084067295576,384,512,196608
pima,8,complexity_22,raw_tabular,0.12640846644838652,0.002557278870655374,384,8,3072
pima,8,complexity_n2,raw_tabular,0.01067476657529672,0.0008243560320526215,384,8,3072
pima,8,complexity_l1,raw_tabular,0.0010484665011366208,2.0968358569628782e-05,384,8,3072
pima,8,encoding,shared,0.15047730024283132,0.005625932083757174,384,8,3072
pima,8,feature_extraction,imagenet,0.1442847332606713,0.004134667930925114,384,512,196608
pima,8,hscore,imagenet,0.06972178006544709,0.0019656041076949126,384,512,196608
pima,8,transrate,imagenet,0.013428980112075805,0.0007537348437485369,384,512,196608
pima,8,feature_extraction,random,0.15153909986838698,0.005193616506223143,384,512,196608
pima,8,hscore,random,0.07173330001533032,0.002739700070644299,384,512,196608
pima,8,transrate,random,0.012490780092775822,0.000573178199420538,384,512,196608
pima,9,complexity_22,raw_tabular,0.13570740011831126,0.003105674292974535,384,8,3072
pima,9,complexity_n2,raw_tabular,0.010067266722520193,5.1684328474451654e-05,384,8,3072
pima,9,complexity_l1,raw_tabular,0.001149033351490895,3.149402547865554e-05,384,8,3072
pima,9,encoding,shared,0.15572733338922262,0.0034051158658694653,384,8,3072
pima,9,feature_extraction,imagenet,0.14183689995358387,0.011069326188672329,384,512,196608
pima,9,hscore,imagenet,0.07063762005418539,0.005627210229841097,384,512,196608
pima,9,transrate,imagenet,0.014490799978375435,0.0030922417315399687,384,512,196608
pima,9,feature_extraction,random,0.1441858666948974,0.004128214578867192,384,512,196608
pima,9,hscore,random,0.0776328600011766,0.008485456463180977,384,512,196608
pima,9,transrate,random,0.014468900021165609,0.002630771273904661,384,512,196608
ring,0,complexity_22,raw_tabular,13.242741800068567,0.09421900581457147,3700,20,74000
ring,0,complexity_n2,raw_tabular,1.43085606660073,0.0017392913329990266,3700,20,74000
ring,0,complexity_l1,raw_tabular,0.010864333404848972,0.0005179662340750772,3700,20,74000
ring,0,encoding,shared,2.047547800000757,0.5970034184660861,3700,20,74000
ring,0,feature_extraction,imagenet,1.3103659665212035,0.006379905083730882,3700,512,1894400
ring,0,hscore,imagenet,0.10626486008986831,0.0014860774527718863,3700,512,1894400
ring,0,transrate,imagenet,0.03917942000553012,0.0012605463913591404,3700,512,1894400
ring,0,feature_extraction,random,1.3505529331353803,0.012565928545383498,3700,512,1894400
ring,0,hscore,random,0.10958172008395195,0.0031238511486242847,3700,512,1894400
ring,0,transrate,random,0.04282595999538898,0.0030394114300976408,3700,512,1894400
ring,1,complexity_22,raw_tabular,12.45994606676201,0.18080910230276165,3700,20,74000
ring,1,complexity_n2,raw_tabular,1.4247445999644697,0.014099985818443659,3700,20,74000
ring,1,complexity_l1,raw_tabular,0.01339653336132566,0.0004570817709211314,3700,20,74000
ring,1,encoding,shared,1.7955086332124968,0.1456430917307303,3700,20,74000
ring,1,feature_extraction,imagenet,1.4442362667371829,0.08676402712662556,3700,512,1894400
ring,1,hscore,imagenet,0.09998968010768294,0.003297442431276141,3700,512,1894400
ring,1,transrate,imagenet,0.04379607997834682,0.0019644767034907116,3700,512,1894400
ring,1,feature_extraction,random,1.3431892665103078,0.010660660601233067,3700,512,1894400
ring,1,hscore,random,0.10511152008548379,0.003964109740997485,3700,512,1894400
ring,1,transrate,random,0.03926626006141305,0.0006608110289145867,3700,512,1894400
ring,2,complexity_22,raw_tabular,12.46081699989736,0.11650867777898079,3700,20,74000
ring,2,complexity_n2,raw_tabular,1.2930738668267925,0.0181869522120489,3700,20,74000
ring,2,complexity_l1,raw_tabular,0.009229266705612341,9.450600580903723e-05,3700,20,74000
ring,2,encoding,shared,1.7326215667029221,0.12500438414564632,3700,20,74000
ring,2,feature_extraction,imagenet,1.3055072332111497,0.009567755118839479,3700,512,1894400
ring,2,hscore,imagenet,0.1058284199796617,0.002023370227882928,3700,512,1894400
ring,2,transrate,imagenet,0.03784545995295048,0.0011999101799937686,3700,512,1894400
ring,2,feature_extraction,random,1.3052981332875788,0.0034342318867667723,3700,512,1894400
ring,2,hscore,random,0.10654807984828948,0.0030011141374125575,3700,512,1894400
ring,2,transrate,random,0.04221272002905607,0.0018215763149344577,3700,512,1894400
ring,3,complexity_22,raw_tabular,13.02513513326024,0.03397645193772835,3700,20,74000
ring,3,complexity_n2,raw_tabular,1.2915204331899683,0.0071442679234490405,3700,20,74000
ring,3,complexity_l1,raw_tabular,0.0085999999816219,0.00026681911070947973,3700,20,74000
ring,3,encoding,shared,1.6233451001656551,0.05108696442388063,3700,20,74000
ring,3,feature_extraction,imagenet,1.370275166661789,0.04297160631516721,3700,512,1894400
ring,3,hscore,imagenet,0.10972490012645722,0.003599035345587385,3700,512,1894400
ring,3,transrate,imagenet,0.03856446007266641,0.0005959120106087435,3700,512,1894400
ring,3,feature_extraction,random,1.3434692000349362,0.01579580415885189,3700,512,1894400
ring,3,hscore,random,0.10660267984494567,0.0030484488574964463,3700,512,1894400
ring,3,transrate,random,0.04022877998650074,0.0017614338897901955,3700,512,1894400
ring,4,complexity_22,raw_tabular,12.892390033540627,0.03365781886231566,3700,20,74000
ring,4,complexity_n2,raw_tabular,1.2749846000224352,0.004014791022234605,3700,20,74000
ring,4,complexity_l1,raw_tabular,0.009833333237717548,0.0005166943609574122,3700,20,74000
ring,4,encoding,shared,1.7166932332329452,0.04685511514142061,3700,20,74000
ring,4,feature_extraction,imagenet,1.3554122000932693,0.0063734585611062615,3700,512,1894400
ring,4,hscore,imagenet,0.10332784000784159,0.006093722677630113,3700,512,1894400
ring,4,transrate,imagenet,0.04391267998144031,0.004398884160850422,3700,512,1894400
ring,4,feature_extraction,random,1.3494449333908658,0.022843805591973035,3700,512,1894400
ring,4,hscore,random,0.10564098004251718,0.0020191585593443083,3700,512,1894400
ring,4,transrate,random,0.04451398001983762,0.008947516337338118,3700,512,1894400
ring,5,complexity_22,raw_tabular,13.431379500000427,0.20270051370575937,3700,20,74000
ring,5,complexity_n2,raw_tabular,1.287209933468451,0.004844790665964743,3700,20,74000
ring,5,complexity_l1,raw_tabular,0.010992333448181549,0.00043358309360786335,3700,20,74000
ring,5,encoding,shared,1.6249992665834725,0.0157626602951592,3700,20,74000
ring,5,feature_extraction,imagenet,1.3418787334424753,0.042398439543469564,3700,512,1894400
ring,5,hscore,imagenet,0.09890429992228747,0.0036188959487788224,3700,512,1894400
ring,5,transrate,imagenet,0.04158738004043698,0.0015677838085278073,3700,512,1894400
ring,5,feature_extraction,random,1.31994939999034,0.016310334770063353,3700,512,1894400
ring,5,hscore,random,0.10294501995667815,0.0036041691691741156,3700,512,1894400
ring,5,transrate,random,0.040873159933835265,0.003475510474998911,3700,512,1894400
ring,6,complexity_22,raw_tabular,13.147785466630012,0.0419179011066549,3700,20,74000
ring,6,complexity_n2,raw_tabular,1.1039000001425545,0.0009519605239849551,3700,20,74000
ring,6,complexity_l1,raw_tabular,0.00979496662815412,0.00022114355450902562,3700,20,74000
ring,6,encoding,shared,1.6513005333642166,0.0778227093881313,3700,20,74000
ring,6,feature_extraction,imagenet,1.3142635999247432,0.013214873005131784,3700,512,1894400
ring,6,hscore,imagenet,0.10256477994844318,0.0022802348320681435,3700,512,1894400
ring,6,transrate,imagenet,0.04393745986744761,0.002922304182682286,3700,512,1894400
ring,6,feature_extraction,random,1.3354174999209742,0.03203904674038919,3700,512,1894400
ring,6,hscore,random,0.10306155988946557,0.0022789040655917378,3700,512,1894400
ring,6,transrate,random,0.04713424006476998,0.005454285996146311,3700,512,1894400
ring,7,complexity_22,raw_tabular,13.771235133210817,0.06443695383472509,3700,20,74000
ring,7,complexity_n2,raw_tabular,1.267012200007836,0.00769881077144271,3700,20,74000
ring,7,complexity_l1,raw_tabular,0.009376166698833307,9.950306751220419e-05,3700,20,74000
ring,7,encoding,shared,1.6522652332981427,0.04788852004950288,3700,20,74000
ring,7,feature_extraction,imagenet,1.3217585999518633,0.020504308016558306,3700,512,1894400
ring,7,hscore,imagenet,0.10395280001685023,0.003224159807901197,3700,512,1894400
ring,7,transrate,imagenet,0.044630759954452516,0.003866199930375927,3700,512,1894400
ring,7,feature_extraction,random,1.3728539667402704,0.017224828488628448,3700,512,1894400
ring,7,hscore,random,0.10533331995829939,0.004703234912273652,3700,512,1894400
ring,7,transrate,random,0.0405902000144124,0.0016537630601071555,3700,512,1894400
ring,8,complexity_22,raw_tabular,12.936207099972913,0.05651101497405892,3700,20,74000
ring,8,complexity_n2,raw_tabular,1.2719017998315394,0.0021237390558174907,3700,20,74000
ring,8,complexity_l1,raw_tabular,0.008512300128738085,0.000572933503261511,3700,20,74000
ring,8,encoding,shared,1.6061248333814244,0.029198835104063476,3700,20,74000
ring,8,feature_extraction,imagenet,1.3516813333456714,0.01287307942783168,3700,512,1894400
ring,8,hscore,imagenet,0.10330780008807779,0.0018506701258358372,3700,512,1894400
ring,8,transrate,imagenet,0.04460289999842644,0.0030901114954511376,3700,512,1894400
ring,8,feature_extraction,random,1.3369671331408124,0.008846927188210858,3700,512,1894400
ring,8,hscore,random,0.10502287996932864,0.0031583038382617373,3700,512,1894400
ring,8,transrate,random,0.042003039922565225,0.003200974258175975,3700,512,1894400
ring,9,complexity_22,raw_tabular,13.359904733176032,0.0355933271828946,3700,20,74000
ring,9,complexity_n2,raw_tabular,1.1996797667816281,0.006103926678578569,3700,20,74000
ring,9,complexity_l1,raw_tabular,0.010151733489086231,0.000724471307680733,3700,20,74000
ring,9,encoding,shared,1.625078933313489,0.05022283194705495,3700,20,74000
ring,9,feature_extraction,imagenet,1.3574521665771802,0.011386850335136728,3700,512,1894400
ring,9,hscore,imagenet,0.10594152007251978,0.005212239051292403,3700,512,1894400
ring,9,transrate,imagenet,0.04336729999631643,0.0014486833447988985,3700,512,1894400
ring,9,feature_extraction,random,1.380600200034678,0.020284104613349712,3700,512,1894400
ring,9,hscore,random,0.10338473999872803,0.003721803502055022,3700,512,1894400
ring,9,transrate,random,0.041653599962592124,0.0029417931932957998,3700,512,1894400
sonar,0,complexity_22,raw_tabular,0.0881019332446158,0.0004954781442113365,104,60,6240
sonar,0,complexity_n2,raw_tabular,0.0038386331871151924,1.1145743990526447e-05,104,60,6240
sonar,0,complexity_l1,raw_tabular,0.0006912999475995699,1.7106758131917798e-05,104,60,6240
sonar,0,encoding,shared,0.048041766664634146,0.00017617058079239577,104,60,6240
sonar,0,feature_extraction,imagenet,0.037080200078586735,0.001259198300746864,104,512,53248
sonar,0,hscore,imagenet,0.06586493998765945,0.0035512451946799794,104,512,53248
sonar,0,transrate,imagenet,0.010776640009135008,0.002568200296824619,104,512,53248
sonar,0,feature_extraction,random,0.036509566785146795,0.00010076656313613342,104,512,53248
sonar,0,hscore,random,0.059885859955102205,0.0044543715634406495,104,512,53248
sonar,0,transrate,random,0.01224749991670251,0.0053708074330616196,104,512,53248
sonar,1,complexity_22,raw_tabular,0.09044543327763677,0.0023244920118986544,104,60,6240
sonar,1,complexity_n2,raw_tabular,0.0038511333987116814,9.917710579139583e-06,104,60,6240
sonar,1,complexity_l1,raw_tabular,0.0006958665326237679,2.0045307261992222e-05,104,60,6240
sonar,1,encoding,shared,0.048694600040713944,0.000421925557449231,104,60,6240
sonar,1,feature_extraction,imagenet,0.03875383331129948,0.0031991635556594617,104,512,53248
sonar,1,hscore,imagenet,0.06027344008907676,0.006519513036999808,104,512,53248
sonar,1,transrate,imagenet,0.011230340041220189,0.002442029149896282,104,512,53248
sonar,1,feature_extraction,random,0.03662300001208981,0.0006203103702933095,104,512,53248
sonar,1,hscore,random,0.061873780097812414,0.0026668911592146773,104,512,53248
sonar,1,transrate,random,0.01254847999662161,0.0036355281629200124,104,512,53248
sonar,2,complexity_22,raw_tabular,0.08694529983525474,0.0007676973034044229,104,60,6240
sonar,2,complexity_n2,raw_tabular,0.0038639665581285954,5.870422227042596e-06,104,60,6240
sonar,2,complexity_l1,raw_tabular,0.0007035999248425165,2.8783411918051286e-05,104,60,6240
sonar,2,encoding,shared,0.04911736662810048,0.0009534349710926355,104,60,6240
sonar,2,feature_extraction,imagenet,0.03946733335033059,0.004242936682322592,104,512,53248
sonar,2,hscore,imagenet,0.06525715999305248,0.005079308215851079,104,512,53248
sonar,2,transrate,imagenet,0.010096419975161553,0.0005318130723026538,104,512,53248
sonar,2,feature_extraction,random,0.036274699959903955,6.233676312967185e-05,104,512,53248
sonar,2,hscore,random,0.06139770001173019,0.004280771314063008,104,512,53248
sonar,2,transrate,random,0.010016519948840142,0.0006430974745221296,104,512,53248
sonar,3,complexity_22,raw_tabular,0.08737863351901372,0.0004265739923490271,104,60,6240
sonar,3,complexity_n2,raw_tabular,0.003900466642032067,6.018067259540331e-05,104,60,6240
sonar,3,complexity_l1,raw_tabular,0.000675100057075421,1.2230389105872344e-05,104,60,6240
sonar,3,encoding,shared,0.04609776676322023,0.00039707291854556713,104,60,6240
sonar,3,feature_extraction,imagenet,0.036607266714175545,0.0005463149651840125,104,512,53248
sonar,3,hscore,imagenet,0.0615841799415648,0.005083181876118713,104,512,53248
sonar,3,transrate,imagenet,0.012398899998515844,0.0017138131818247024,104,512,53248
sonar,3,feature_extraction,random,0.036801266794403396,0.0006437166973390871,104,512,53248
sonar,3,hscore,random,0.057977419812232256,0.002741253591905275,104,512,53248
sonar,3,transrate,random,0.010084620025008918,0.000752404916814421,104,512,53248
sonar,4,complexity_22,raw_tabular,0.0883642000456651,0.0015883030008971891,104,60,6240
sonar,4,complexity_n2,raw_tabular,0.0038778667027751603,1.1933766395943315e-05,104,60,6240
sonar,4,complexity_l1,raw_tabular,0.0007061332774658998,1.038616086015016e-05,104,60,6240
sonar,4,encoding,shared,0.046935100108385086,0.0006313978665786174,104,60,6240
sonar,4,feature_extraction,imagenet,0.03754813317209482,0.0015597308065677926,104,512,53248
sonar,4,hscore,imagenet,0.06321895997971297,0.005461258850810129,104,512,53248
sonar,4,transrate,imagenet,0.011339620035141707,0.003788572408487311,104,512,53248
sonar,4,feature_extraction,random,0.042143366765230894,0.0038764308120364807,104,512,53248
sonar,4,hscore,random,0.0603459800593555,0.0005498470396117385,104,512,53248
sonar,4,transrate,random,0.011488259956240653,0.0008801988490753256,104,512,53248
sonar,5,complexity_22,raw_tabular,0.08857763341317575,0.0018504371406258661,104,60,6240
sonar,5,complexity_n2,raw_tabular,0.0038462000278135142,9.087871836806414e-06,104,60,6240
sonar,5,complexity_l1,raw_tabular,0.0006985000024239222,1.9252045825012297e-06,104,60,6240
sonar,5,encoding,shared,0.048472866571197905,0.0003814619334226584,104,60,6240
sonar,5,feature_extraction,imagenet,0.037585300082961716,0.0008784869039249069,104,512,53248
sonar,5,hscore,imagenet,0.05765402000397444,0.000831078894898495,104,512,53248
sonar,5,transrate,imagenet,0.011770759988576174,0.0025091182569742746,104,512,53248
sonar,5,feature_extraction,random,0.03658680012449622,2.3281909956228243e-05,104,512,53248
sonar,5,hscore,random,0.060887759737670424,0.00450365992333291,104,512,53248
sonar,5,transrate,random,0.010268140025436879,0.00038242775991104746,104,512,53248
sonar,6,complexity_22,raw_tabular,0.09204996656626463,0.0030604525428800534,104,60,6240
sonar,6,complexity_n2,raw_tabular,0.003832233448823293,1.8716132079565043e-05,104,60,6240
sonar,6,complexity_l1,raw_tabular,0.0006793000114460787,6.941763716138967e-06,104,60,6240
sonar,6,encoding,shared,0.06478796666488051,0.021423019640309293,104,60,6240
sonar,6,feature_extraction,imagenet,0.036284133326262236,0.00016140628870692412,104,512,53248
sonar,6,hscore,imagenet,0.06597770005464554,0.002113672398277862,104,512,53248
sonar,6,transrate,imagenet,0.009878480061888694,0.0004402926035382554,104,512,53248
sonar,6,feature_extraction,random,0.03654533329730233,6.126644452468995e-05,104,512,53248
sonar,6,hscore,random,0.06303057996556163,0.003505845806052054,104,512,53248
sonar,6,transrate,random,0.011794879846274853,0.002769096923636123,104,512,53248
sonar,7,complexity_22,raw_tabular,0.08870869983608524,0.00419399475171792,104,60,6240
sonar,7,complexity_n2,raw_tabular,0.004065466579049826,6.097338037600781e-05,104,60,6240
sonar,7,complexity_l1,raw_tabular,0.0008427666810651621,7.766521720351324e-05,104,60,6240
sonar,7,encoding,shared,0.045854666735976934,0.0003062622473517518,104,60,6240
sonar,7,feature_extraction,imagenet,0.03986846640085181,0.0013086663372274953,104,512,53248
sonar,7,hscore,imagenet,0.05787321999669075,0.0031639710035099335,104,512,53248
sonar,7,transrate,imagenet,0.010055219940841197,0.00042964155539734923,104,512,53248
sonar,7,feature_extraction,random,0.03677143327270945,0.0009626494813668322,104,512,53248
sonar,7,hscore,random,0.06287587992846966,0.007838588796643977,104,512,53248
sonar,7,transrate,random,0.013672500103712081,0.004012722731541074,104,512,53248
sonar,8,complexity_22,raw_tabular,0.0904786669028302,0.0028681146032679124,104,60,6240
sonar,8,complexity_n2,raw_tabular,0.003870466724038124,4.333542139930195e-05,104,60,6240
sonar,8,complexity_l1,raw_tabular,0.0006976000343759855,2.4329368034285353e-05,104,60,6240
sonar,8,encoding,shared,0.04914853318283955,0.0005726067554058339,104,60,6240
sonar,8,feature_extraction,imagenet,0.03639389993622899,9.168665694510373e-05,104,512,53248
sonar,8,hscore,imagenet,0.06482694000005722,0.005695722663784315,104,512,53248
sonar,8,transrate,imagenet,0.011334440112113953,0.002261169580166031,104,512,53248
sonar,8,feature_extraction,random,0.038380900087455906,0.0030695566950350657,104,512,53248
sonar,8,hscore,random,0.06401220001280308,0.0027303458112963174,104,512,53248
sonar,8,transrate,random,0.010184700042009354,0.0009382420954687568,104,512,53248
sonar,9,complexity_22,raw_tabular,0.09046219987794757,0.0033471192607016,104,60,6240
sonar,9,complexity_n2,raw_tabular,0.003908799961209297,7.478243848434793e-05,104,60,6240
sonar,9,complexity_l1,raw_tabular,0.0007125334814190865,1.5245153742092662e-05,104,60,6240
sonar,9,encoding,shared,0.04771133325994015,0.00019573578835478022,104,60,6240
sonar,9,feature_extraction,imagenet,0.03709696652367711,0.0014324944121694749,104,512,53248
sonar,9,hscore,imagenet,0.06381829986348748,0.0041092162344047965,104,512,53248
sonar,9,transrate,imagenet,0.014265859965234995,0.0044378133754825275,104,512,53248
sonar,9,feature_extraction,random,0.03651423333212733,0.000488894803485923,104,512,53248
sonar,9,hscore,random,0.06734411995857954,0.0008406616928646772,104,512,53248
sonar,9,transrate,random,0.012159060034900904,0.0024498155573789123,104,512,53248
spambase,0,complexity_22,raw_tabular,21.03519230009988,0.2543312898235434,2300,57,131100
spambase,0,complexity_n2,raw_tabular,0.9053347667989632,0.0065561210898639035,2300,57,131100
spambase,0,complexity_l1,raw_tabular,0.019841966840128105,0.00029617241248933027,2300,57,131100
spambase,0,encoding,shared,0.9687814332234362,0.012916075379461685,2300,57,131100
spambase,0,feature_extraction,imagenet,0.8226636668356756,0.011087713658860281,2300,512,1177600
spambase,0,hscore,imagenet,0.09672863995656371,0.0033844119490502203,2300,512,1177600
spambase,0,transrate,imagenet,0.028861580044031145,0.0011318040563303476,2300,512,1177600
spambase,0,feature_extraction,random,0.8191937333904207,0.015139800252736705,2300,512,1177600
spambase,0,hscore,random,0.0945716000162065,0.0037049025396812913,2300,512,1177600
spambase,0,transrate,random,0.030923799984157084,0.0011390195519755998,2300,512,1177600
spambase,1,complexity_22,raw_tabular,20.152911899921794,0.07682342603154457,2301,57,131157
spambase,1,complexity_n2,raw_tabular,0.9249188001267612,0.009945798282755202,2301,57,131157
spambase,1,complexity_l1,raw_tabular,0.014354699912170569,0.00035018501409209233,2301,57,131157
spambase,1,encoding,shared,0.9651059332924584,0.010113458999494751,2301,57,131157
spambase,1,feature_extraction,imagenet,0.8318900332475702,0.011058616122384636,2301,512,1178112
spambase,1,hscore,imagenet,0.09334715995937586,0.006204524898770352,2301,512,1178112
spambase,1,transrate,imagenet,0.030544259957969187,0.005326894992654592,2301,512,1178112
spambase,1,feature_extraction,random,0.8500684001483023,0.010105033256943343,2301,512,1178112
spambase,1,hscore,random,0.09229899989441037,0.005456384984891544,2301,512,1178112
spambase,1,transrate,random,0.03506912002339959,0.006199935376520606,2301,512,1178112
spambase,2,complexity_22,raw_tabular,22.594427600037307,0.047254184859115124,2300,57,131100
spambase,2,complexity_n2,raw_tabular,0.9349122668306032,0.014422092367175555,2300,57,131100
spambase,2,complexity_l1,raw_tabular,0.020586799830198288,0.0006277053440153218,2300,57,131100
spambase,2,encoding,shared,0.9820868664731582,0.016308647951520327,2300,57,131100
spambase,2,feature_extraction,imagenet,0.8574843335275849,0.0044919189580796635,2300,512,1177600
spambase,2,hscore,imagenet,0.08960328018292785,0.004874612214670155,2300,512,1177600
spambase,2,transrate,imagenet,0.027535820100456476,0.0006833804393735998,2300,512,1177600
spambase,2,feature_extraction,random,0.8718867666708926,0.01368454168750758,2300,512,1177600
spambase,2,hscore,random,0.09528287993744015,0.00237403590176364,2300,512,1177600
spambase,2,transrate,random,0.029531079903244974,0.0012721670067451084,2300,512,1177600
spambase,3,complexity_22,raw_tabular,20.034035133353125,0.10235618314803827,2301,57,131157
spambase,3,complexity_n2,raw_tabular,0.9132986332600316,0.002413499197491351,2301,57,131157
spambase,3,complexity_l1,raw_tabular,0.015192566905170679,0.0010057642786789837,2301,57,131157
spambase,3,encoding,shared,0.9454364666404823,0.03436170515335013,2301,57,131157
spambase,3,feature_extraction,imagenet,0.8280017666208247,0.013386107335202374,2301,512,1178112
spambase,3,hscore,imagenet,0.08740896005183459,0.0011748702439357704,2301,512,1178112
spambase,3,transrate,imagenet,0.033786540012806655,0.0036032674062966116,2301,512,1178112
spambase,3,feature_extraction,random,0.8553238332582017,0.01823075198957964,2301,512,1178112
spambase,3,hscore,random,0.09436249993741512,0.0016669009072623853,2301,512,1178112
spambase,3,transrate,random,0.033417599927634004,0.0022619258204839058,2301,512,1178112
spambase,4,complexity_22,raw_tabular,21.676738299895078,0.18668846479255052,2300,57,131100
spambase,4,complexity_n2,raw_tabular,0.9049939665322503,0.008531873261677,2300,57,131100
spambase,4,complexity_l1,raw_tabular,0.014839133402953545,4.2896446142314665e-05,2300,57,131100
spambase,4,encoding,shared,0.9601310001065334,0.017306321489944872,2300,57,131100
spambase,4,feature_extraction,imagenet,0.8359685000032187,0.017705045191441077,2300,512,1177600
spambase,4,hscore,imagenet,0.09526494005694985,0.002881094879771609,2300,512,1177600
spambase,4,transrate,imagenet,0.030057599768042564,0.002217699394580916,2300,512,1177600
spambase,4,feature_extraction,random,0.8598198667168617,0.002669963995017845,2300,512,1177600
spambase,4,hscore,random,0.093126679956913,0.0040239078703858564,2300,512,1177600
spambase,4,transrate,random,0.032780700083822015,0.0013959862441598986,2300,512,1177600
spambase,5,complexity_22,raw_tabular,21.372311933431774,0.058227350344970126,2301,57,131157
spambase,5,complexity_n2,raw_tabular,0.9585350000609955,0.029491003661127235,2301,57,131157
spambase,5,complexity_l1,raw_tabular,0.01736180003111561,0.0004143482736945191,2301,57,131157
spambase,5,encoding,shared,0.9744606665335596,0.047715872311485504,2301,57,131157
spambase,5,feature_extraction,imagenet,0.8715627333149314,0.01449092666555523,2301,512,1178112
spambase,5,hscore,imagenet,0.09293922008946538,0.002757998217516486,2301,512,1178112
spambase,5,transrate,imagenet,0.03158179987221956,0.0015366477963276737,2301,512,1178112
spambase,5,feature_extraction,random,0.8381939666966597,0.011751198104966758,2301,512,1178112
spambase,5,hscore,random,0.09629342006519437,0.004381551897981371,2301,512,1178112
spambase,5,transrate,random,0.029068979900330305,0.00044666012611612355,2301,512,1178112
spambase,6,complexity_22,raw_tabular,20.426597299830366,0.07484655529626714,2300,57,131100
spambase,6,complexity_n2,raw_tabular,0.9196934999587635,0.007858097703160538,2300,57,131100
spambase,6,complexity_l1,raw_tabular,0.015264633422096571,0.0009084958071570719,2300,57,131100
spambase,6,encoding,shared,0.9389002666187783,0.008925697450121601,2300,57,131100
spambase,6,feature_extraction,imagenet,0.8439530997226635,0.02134804837418536,2300,512,1177600
spambase,6,hscore,imagenet,0.09042478008195758,0.002180362025476049,2300,512,1177600
spambase,6,transrate,imagenet,0.03746926011517644,0.005971759317164809,2300,512,1177600
spambase,6,feature_extraction,random,0.862525233378013,0.0242034454804464,2300,512,1177600
spambase,6,hscore,random,0.0995319601148367,0.0013470234216483353,2300,512,1177600
spambase,6,transrate,random,0.029142140038311483,0.0017769854527560163,2300,512,1177600
spambase,7,complexity_22,raw_tabular,21.304815833301593,0.1314785469363178,2301,57,131157
spambase,7,complexity_n2,raw_tabular,0.9199530667004486,0.0051359176916938604,2301,57,131157
spambase,7,complexity_l1,raw_tabular,0.020462199890365202,0.0009711418768403059,2301,57,131157
spambase,7,encoding,shared,0.971894900004069,0.030783017447629017,2301,57,131157
spambase,7,feature_extraction,imagenet,0.934512633519868,0.010391032684025055,2301,512,1178112
spambase,7,hscore,imagenet,0.09483844013884664,0.0010328072615486468,2301,512,1178112
spambase,7,transrate,imagenet,0.02776390006765723,0.0003421805574064831,2301,512,1178112
spambase,7,feature_extraction,random,0.9036137000657618,0.05215693261695761,2301,512,1178112
spambase,7,hscore,random,0.09718353981152177,0.003347392121475088,2301,512,1178112
spambase,7,transrate,random,0.030158819910138846,0.0011382838705352783,2301,512,1178112
spambase,8,complexity_22,raw_tabular,20.6543651331837,0.04825037655009554,2300,57,131100
spambase,8,complexity_n2,raw_tabular,0.9017916000448167,0.003670082820605579,2300,57,131100
spambase,8,complexity_l1,raw_tabular,0.016119033408661682,0.00036494400170292986,2300,57,131100
spambase,8,encoding,shared,0.9548575999215245,0.018759894616339805,2300,57,131100
spambase,8,feature_extraction,imagenet,0.814370833337307,0.005997867752505534,2300,512,1177600
spambase,8,hscore,imagenet,0.09450729992240667,0.002531565758726383,2300,512,1177600
spambase,8,transrate,imagenet,0.030536600016057493,0.002313559446934625,2300,512,1177600
spambase,8,feature_extraction,random,0.8635537334096929,0.04552975747561153,2300,512,1177600
spambase,8,hscore,random,0.09543836005032062,0.002625380731122026,2300,512,1177600
spambase,8,transrate,random,0.03265060009434819,0.0015465467634508422,2300,512,1177600
spambase,9,complexity_22,raw_tabular,20.983403599976253,0.06969823731082862,2301,57,131157
spambase,9,complexity_n2,raw_tabular,0.9212941667065024,0.0062199061627221715,2301,57,131157
spambase,9,complexity_l1,raw_tabular,0.01825449988245964,0.0008685680146457993,2301,57,131157
spambase,9,encoding,shared,0.9522473667748272,0.009892786310514464,2301,57,131157
spambase,9,feature_extraction,imagenet,0.8656579333667954,0.026954673859009733,2301,512,1178112
spambase,9,hscore,imagenet,0.0939296399243176,0.0044335614373275855,2301,512,1178112
spambase,9,transrate,imagenet,0.03160846000537276,0.0020128491869882584,2301,512,1178112
spambase,9,feature_extraction,random,0.867645133441935,0.019068321231534797,2301,512,1178112
spambase,9,hscore,random,0.09847125997766852,0.0037614036454775867,2301,512,1178112
spambase,9,transrate,random,0.030691020004451276,0.0012419673806922421,2301,512,1178112
titanic,0,complexity_22,raw_tabular,1.5068397334155936,0.016531151503265264,1100,3,3300
titanic,0,complexity_n2,raw_tabular,0.044298933198054634,0.00010469397204327742,1100,3,3300
titanic,0,complexity_l1,raw_tabular,0.0006859999460478624,1.4713478177455058e-05,1100,3,3300
titanic,0,encoding,shared,0.42275049987559515,0.004672028586923945,1100,3,3300
titanic,0,feature_extraction,imagenet,0.41644796666999656,0.013265724226668907,1100,512,563200
titanic,0,hscore,imagenet,0.07907783994451165,0.0011837361314783225,1100,512,563200
titanic,0,transrate,imagenet,0.019403660017997027,0.00038936847938559585,1100,512,563200
titanic,0,feature_extraction,random,0.41221226658672094,0.014357262914290004,1100,512,563200
titanic,0,hscore,random,0.07190525997430086,0.0030955979293735155,1100,512,563200
titanic,0,transrate,random,0.022097280155867337,0.006357128560861293,1100,512,563200
titanic,1,complexity_22,raw_tabular,1.5739552332088351,0.007305557799744599,1101,3,3303
titanic,1,complexity_n2,raw_tabular,0.045637733303010464,0.0006729064732590148,1101,3,3303
titanic,1,complexity_l1,raw_tabular,0.0006313999183475971,1.4089130746464762e-05,1101,3,3303
titanic,1,encoding,shared,0.4246277666340272,0.01313191643184179,1101,3,3303
titanic,1,feature_extraction,imagenet,0.43769970008482534,0.01199175198407331,1101,512,563712
titanic,1,hscore,imagenet,0.0684883400797844,0.003704865316042652,1101,512,563712
titanic,1,transrate,imagenet,0.019338939990848302,0.0010871260804905507,1101,512,563712
titanic,1,feature_extraction,random,0.3901436999440193,0.0029986750040610975,1101,512,563712
titanic,1,hscore,random,0.0689822000451386,0.003213270358741096,1101,512,563712
titanic,1,transrate,random,0.02704619998112321,0.006386399988218612,1101,512,563712
titanic,2,complexity_22,raw_tabular,1.4734179999989767,0.01861006950965517,1100,3,3300
titanic,2,complexity_n2,raw_tabular,0.046379633247852325,0.00125751493722863,1100,3,3300
titanic,2,complexity_l1,raw_tabular,0.0006585667530695597,1.5000388698857738e-05,1100,3,3300
titanic,2,encoding,shared,0.435146566790839,0.020156895491016784,1100,3,3300
titanic,2,feature_extraction,imagenet,0.40388243334988755,0.009316601634847464,1100,512,563200
titanic,2,hscore,imagenet,0.07260685991495848,0.0024775463294387156,1100,512,563200
titanic,2,transrate,imagenet,0.018728619907051325,0.0017008733224480315,1100,512,563200
titanic,2,feature_extraction,random,0.3968120333738625,0.014287761496123246,1100,512,563200
titanic,2,hscore,random,0.07719146003946661,0.0017718716816083775,1100,512,563200
titanic,2,transrate,random,0.01972790006548166,0.0012046455116733374,1100,512,563200
titanic,3,complexity_22,raw_tabular,1.5716410665772855,0.01586465282800422,1101,3,3303
titanic,3,complexity_n2,raw_tabular,0.04622169987608989,0.0007625670408953266,1101,3,3303
titanic,3,complexity_l1,raw_tabular,0.0006608000646034876,2.2625108469214748e-05,1101,3,3303
titanic,3,encoding,shared,0.41555059996123117,0.001513382663026753,1101,3,3303
titanic,3,feature_extraction,imagenet,0.41087466664612293,0.01394092700855368,1101,512,563712
titanic,3,hscore,imagenet,0.07471569990739227,0.002892004873084932,1101,512,563712
titanic,3,transrate,imagenet,0.01900482000783086,0.0003839045391559106,1101,512,563712
titanic,3,feature_extraction,random,0.40173853328451514,0.014324966194803992,1101,512,563712
titanic,3,hscore,random,0.07462235996499658,0.0032869921140230175,1101,512,563712
titanic,3,transrate,random,0.01899822000414133,0.00013269948220815655,1101,512,563712
titanic,4,complexity_22,raw_tabular,1.5049403999000788,0.02796078058563689,1100,3,3300
titanic,4,complexity_n2,raw_tabular,0.04761433337504665,0.0018330747679784283,1100,3,3300
titanic,4,complexity_l1,raw_tabular,0.000656466775884231,1.8620199383915612e-05,1100,3,3300
titanic,4,encoding,shared,0.42712760002662736,0.006401069571903202,1100,3,3300
titanic,4,feature_extraction,imagenet,0.39822009997442365,0.008472813946606953,1100,512,563200
titanic,4,hscore,imagenet,0.0729724601842463,0.004636519303496783,1100,512,563200
titanic,4,transrate,imagenet,0.0200304601341486,0.00035946063473178794,1100,512,563200
titanic,4,feature_extraction,random,0.4097722666338086,0.014187336025191276,1100,512,563200
titanic,4,hscore,random,0.07187744015827775,0.0038614972607138487,1100,512,563200
titanic,4,transrate,random,0.020519579853862525,0.0013094670555754205,1100,512,563200
titanic,5,complexity_22,raw_tabular,1.5377361999514203,0.006844631757837287,1101,3,3303
titanic,5,complexity_n2,raw_tabular,0.04646620014682412,0.0007037665960486049,1101,3,3303
titanic,5,complexity_l1,raw_tabular,0.0006585665978491306,9.004367397767657e-06,1101,3,3303
titanic,5,encoding,shared,0.41911466668049496,0.004560195195183704,1101,3,3303
titanic,5,feature_extraction,imagenet,0.41099156672134995,0.011874371574775642,1101,512,563712
titanic,5,hscore,imagenet,0.07463205996900797,0.005937725524423821,1101,512,563712
titanic,5,transrate,imagenet,0.01970591992139816,0.00026740734741440236,1101,512,563712
titanic,5,feature_extraction,random,0.406186333236595,0.01150943668682282,1101,512,563712
titanic,5,hscore,random,0.06665972005575896,0.0007638172071042421,1101,512,563712
titanic,5,transrate,random,0.02301074005663395,0.007556545154152778,1101,512,563712
titanic,6,complexity_22,raw_tabular,1.4955531666055322,0.007509785249738659,1100,3,3300
titanic,6,complexity_n2,raw_tabular,0.04427773334706823,0.00026148198369007437,1100,3,3300
titanic,6,complexity_l1,raw_tabular,0.0006691667561729749,3.1766121142910414e-05,1100,3,3300
titanic,6,encoding,shared,0.41695370012894273,0.003444483490137997,1100,3,3300
titanic,6,feature_extraction,imagenet,0.4244255665689707,0.0424098861767759,1100,512,563200
titanic,6,hscore,imagenet,0.08316903999075294,0.008639399935743197,1100,512,563200
titanic,6,transrate,imagenet,0.021373939979821444,0.004525725208465311,1100,512,563200
titanic,6,feature_extraction,random,0.39509683350721997,0.0055127981268560024,1100,512,563200
titanic,6,hscore,random,0.07505050003528595,0.0008524429569927248,1100,512,563200
titanic,6,transrate,random,0.020273040141910316,0.0011584130594296067,1100,512,563200
titanic,7,complexity_22,raw_tabular,1.4653284333956738,0.0038516758628344247,1101,3,3303
titanic,7,complexity_n2,raw_tabular,0.04395650001242757,7.000426169921317e-05,1101,3,3303
titanic,7,complexity_l1,raw_tabular,0.0006476999260485172,1.89237242502534e-05,1101,3,3303
titanic,7,encoding,shared,0.4293692000210285,0.0051189695522421835,1101,3,3303
titanic,7,feature_extraction,imagenet,0.4108164667462309,0.012496425118813655,1101,512,563712
titanic,7,hscore,imagenet,0.07347703995183111,0.0038389582550390753,1101,512,563712
titanic,7,transrate,imagenet,0.01867328006774187,0.0006042522419302287,1101,512,563712
titanic,7,feature_extraction,random,0.39745393333335716,0.016805996082218413,1101,512,563712
titanic,7,hscore,random,0.07431525997817516,0.0006576525631096087,1101,512,563712
titanic,7,transrate,random,0.017943060025572777,0.0002158795371433954,1101,512,563712
titanic,8,complexity_22,raw_tabular,1.491765199850003,0.0034724710435292045,1100,3,3300
titanic,8,complexity_n2,raw_tabular,0.04536316667993864,0.0001512262256080715,1100,3,3300
titanic,8,complexity_l1,raw_tabular,0.0006535334202150503,2.3505807788030516e-05,1100,3,3300
titanic,8,encoding,shared,0.434131500000755,0.012963017422321612,1100,3,3300
titanic,8,feature_extraction,imagenet,0.4052588331202666,0.015524061827214867,1100,512,563200
titanic,8,hscore,imagenet,0.07191767999902368,0.0033771896841890627,1100,512,563200
titanic,8,transrate,imagenet,0.019057040009647606,0.0004169740226689768,1100,512,563200
titanic,8,feature_extraction,random,0.41183390002697706,0.009919311876922696,1100,512,563200
titanic,8,hscore,random,0.06566876005381346,0.0008710161600943915,1100,512,563200
titanic,8,transrate,random,0.023990160133689643,0.004271117006890969,1100,512,563200
titanic,9,complexity_22,raw_tabular,1.4726388999260962,0.0010658547279311032,1101,3,3303
titanic,9,complexity_n2,raw_tabular,0.04676873314504822,0.0005523840321771052,1101,3,3303
titanic,9,complexity_l1,raw_tabular,0.0006559000660975774,1.376762297259795e-05,1101,3,3303
titanic,9,encoding,shared,0.425467099994421,0.012630177561229826,1101,3,3303
titanic,9,feature_extraction,imagenet,0.3983640998291473,0.01044908622538576,1101,512,563712
titanic,9,hscore,imagenet,0.07363837994635106,0.002946034112258622,1101,512,563712
titanic,9,transrate,imagenet,0.022397260088473557,0.0039124129662665005,1101,512,563712
titanic,9,feature_extraction,random,0.3909439000611504,0.008507084104061657,1101,512,563712
titanic,9,hscore,random,0.06875700009986759,0.0037383174843612457,1101,512,563712
titanic,9,transrate,random,0.02258671997115016,0.003962959297485404,1101,512,563712
twonorm,0,complexity_22,raw_tabular,11.043504299906393,0.1103374976233404,3700,20,74000
twonorm,0,complexity_n2,raw_tabular,1.3270322000607848,0.06752547368541731,3700,20,74000
twonorm,0,complexity_l1,raw_tabular,0.002634333291401466,6.029174356091115e-05,3700,20,74000
twonorm,0,encoding,shared,1.7235049000009894,0.16989276613862075,3700,20,74000
twonorm,0,feature_extraction,imagenet,1.3367975334015985,0.010020382299669024,3700,512,1894400
twonorm,0,hscore,imagenet,0.10611439989879727,0.0026709320611901072,3700,512,1894400
twonorm,0,transrate,imagenet,0.04336460009217262,0.0009212479800605275,3700,512,1894400
twonorm,0,feature_extraction,random,1.3407678332490225,0.02099632900733259,3700,512,1894400
twonorm,0,hscore,random,0.10118023995310069,0.003304287483647685,3700,512,1894400
twonorm,0,transrate,random,0.04669731995090842,0.004651801174835775,3700,512,1894400
twonorm,1,complexity_22,raw_tabular,10.715454866643995,0.017909726966401973,3700,20,74000
twonorm,1,complexity_n2,raw_tabular,1.2838844667809706,0.006418251641248059,3700,20,74000
twonorm,1,complexity_l1,raw_tabular,0.002775699831545353,0.0001884283554262931,3700,20,74000
twonorm,1,encoding,shared,1.718816433257113,0.19607268577433898,3700,20,74000
twonorm,1,feature_extraction,imagenet,1.2951783002354205,0.007187841678146811,3700,512,1894400
twonorm,1,hscore,imagenet,0.10104455994442105,0.007139412070828298,3700,512,1894400
twonorm,1,transrate,imagenet,0.04138878006488085,0.001960630236202224,3700,512,1894400
twonorm,1,feature_extraction,random,1.3350573000498116,0.03672640366014343,3700,512,1894400
twonorm,1,hscore,random,0.11285454006865621,0.006291760416948796,3700,512,1894400
twonorm,1,transrate,random,0.039890580158680675,0.0006073804044637912,3700,512,1894400
twonorm,2,complexity_22,raw_tabular,11.022548399865627,0.02252716847699257,3700,20,74000
twonorm,2,complexity_n2,raw_tabular,1.1992567001531522,0.01408835195833977,3700,20,74000
twonorm,2,complexity_l1,raw_tabular,0.0027589666036268077,0.0002725384982854735,3700,20,74000
twonorm,2,encoding,shared,1.7604466665846605,0.10521025951871858,3700,20,74000
twonorm,2,feature_extraction,imagenet,1.3969277998742957,0.011821374966774876,3700,512,1894400
twonorm,2,hscore,imagenet,0.1025658800266683,0.0026363731914963054,3700,512,1894400
twonorm,2,transrate,imagenet,0.04182421993464232,0.004441223988947422,3700,512,1894400
twonorm,2,feature_extraction,random,1.3583282001006107,0.019443384016819793,3700,512,1894400
twonorm,2,hscore,random,0.10816775998100639,0.003831115968147703,3700,512,1894400
twonorm,2,transrate,random,0.04141450012102723,0.0014769083179856908,3700,512,1894400
twonorm,3,complexity_22,raw_tabular,11.065025333470354,0.02091974878145572,3700,20,74000
twonorm,3,complexity_n2,raw_tabular,1.210291500048091,0.0031930560484799866,3700,20,74000
twonorm,3,complexity_l1,raw_tabular,0.0027046332446237407,9.452062546092334e-05,3700,20,74000
twonorm,3,encoding,shared,1.6497960334333281,0.057243506502666096,3700,20,74000
twonorm,3,feature_extraction,imagenet,1.3619136000052094,0.013626372474186008,3700,512,1894400
twonorm,3,hscore,imagenet,0.10129968002438546,0.005977804075652593,3700,512,1894400
twonorm,3,transrate,imagenet,0.044466900173574686,0.0023296554902502366,3700,512,1894400
twonorm,3,feature_extraction,random,1.3781265332363546,0.03540513232928549,3700,512,1894400
twonorm,3,hscore,random,0.10420902008190751,0.0035299557379776447,3700,512,1894400
twonorm,3,transrate,random,0.04978594016283751,0.0031139078464511487,3700,512,1894400
twonorm,4,complexity_22,raw_tabular,10.882881199941039,0.016698933212510304,3700,20,74000
twonorm,4,complexity_n2,raw_tabular,1.072701833366106,0.005685296127619603,3700,20,74000
twonorm,4,complexity_l1,raw_tabular,0.0029764999635517597,0.00037084074417150105,3700,20,74000
twonorm,4,encoding,shared,1.6229718669007223,0.060685959295984554,3700,20,74000
twonorm,4,feature_extraction,imagenet,1.3121548665997882,0.007289812166343773,3700,512,1894400
twonorm,4,hscore,imagenet,0.1077489597722888,0.006257720094191328,3700,512,1894400
twonorm,4,transrate,imagenet,0.0438518600538373,0.002729412397602228,3700,512,1894400
twonorm,4,feature_extraction,random,1.3357030333330233,0.03153050412840697,3700,512,1894400
twonorm,4,hscore,random,0.10697958003729582,0.003755729164782006,3700,512,1894400
twonorm,4,transrate,random,0.041443280037492515,0.001589507897521853,3700,512,1894400
twonorm,5,complexity_22,raw_tabular,10.88839613320306,0.12409465949480643,3700,20,74000
twonorm,5,complexity_n2,raw_tabular,1.0746144335716963,0.005253030472778267,3700,20,74000
twonorm,5,complexity_l1,raw_tabular,0.002726133136699597,7.710560036703061e-05,3700,20,74000
twonorm,5,encoding,shared,1.7041945333282154,0.030991862409872024,3700,20,74000
twonorm,5,feature_extraction,imagenet,1.4818130334218342,0.03481368524390991,3700,512,1894400
twonorm,5,hscore,imagenet,0.09931999975815416,0.0036445228672148115,3700,512,1894400
twonorm,5,transrate,imagenet,0.04001175984740257,0.001550453778773578,3700,512,1894400
twonorm,5,feature_extraction,random,1.3324071001261473,0.013246172736751303,3700,512,1894400
twonorm,5,hscore,random,0.10852081989869475,0.0035959353624895937,3700,512,1894400
twonorm,5,transrate,random,0.044293780159205196,0.0053045641025301115,3700,512,1894400
twonorm,6,complexity_22,raw_tabular,10.920262600140026,0.02191471012744562,3700,20,74000
twonorm,6,complexity_n2,raw_tabular,1.0919783332695563,0.01089394968243347,3700,20,74000
twonorm,6,complexity_l1,raw_tabular,0.003064466640353203,0.000557540890761007,3700,20,74000
twonorm,6,encoding,shared,1.6939751332004864,0.12198878943349975,3700,20,74000
twonorm,6,feature_extraction,imagenet,1.3057884333344798,0.005145105114141025,3700,512,1894400
twonorm,6,hscore,imagenet,0.10788789996877313,0.0022039728458638362,3700,512,1894400
twonorm,6,transrate,imagenet,0.04434724012389779,0.004450202278420589,3700,512,1894400
twonorm,6,feature_extraction,random,1.3479835664232571,0.016587406768517193,3700,512,1894400
twonorm,6,hscore,random,0.1071726999245584,0.003630937467559498,3700,512,1894400
twonorm,6,transrate,random,0.04070186000317335,0.0014895962212500143,3700,512,1894400
twonorm,7,complexity_22,raw_tabular,10.942727300028006,0.12183999499720251,3700,20,74000
twonorm,7,complexity_n2,raw_tabular,1.0811279333817463,0.01141752552166286,3700,20,74000
twonorm,7,complexity_l1,raw_tabular,0.002532700076699257,0.00027277425121007964,3700,20,74000
twonorm,7,encoding,shared,1.641503966723879,0.03593505052241747,3700,20,74000
twonorm,7,feature_extraction,imagenet,1.3858804333334167,0.06041762508152812,3700,512,1894400
twonorm,7,hscore,imagenet,0.10870286002755165,0.0018243697170370467,3700,512,1894400
twonorm,7,transrate,imagenet,0.03986338013783097,0.0005609448870342112,3700,512,1894400
twonorm,7,feature_extraction,random,1.3903679333937664,0.016800476554961457,3700,512,1894400
twonorm,7,hscore,random,0.10720721995458007,0.00454198604454232,3700,512,1894400
twonorm,7,transrate,random,0.04353510001674295,0.003011159846114683,3700,512,1894400
twonorm,8,complexity_22,raw_tabular,11.058695767074823,0.019390660387115583,3700,20,74000
twonorm,8,complexity_n2,raw_tabular,1.0878887999181945,0.013529654062311528,3700,20,74000
twonorm,8,complexity_l1,raw_tabular,0.0027014665926496186,0.00012686220370833023,3700,20,74000
twonorm,8,encoding,shared,1.6938072668078046,0.07208031778760932,3700,20,74000
twonorm,8,feature_extraction,imagenet,1.3929499667137861,0.027924947991402282,3700,512,1894400
twonorm,8,hscore,imagenet,0.10644340002909303,0.006016029914111819,3700,512,1894400
twonorm,8,transrate,imagenet,0.044374219886958596,0.003054020800276032,3700,512,1894400
twonorm,8,feature_extraction,random,1.3789707667504747,0.012534841624489134,3700,512,1894400
twonorm,8,hscore,random,0.10399318002164364,0.002490842457610917,3700,512,1894400
twonorm,8,transrate,random,0.04396917996928096,0.0009521267259699965,3700,512,1894400
twonorm,9,complexity_22,raw_tabular,11.111575433208296,0.04523478417721894,3700,20,74000
twonorm,9,complexity_n2,raw_tabular,1.098276333262523,0.02271888993433465,3700,20,74000
twonorm,9,complexity_l1,raw_tabular,0.002446599925557772,7.421311602966751e-05,3700,20,74000
twonorm,9,encoding,shared,1.7018099666262667,0.07817610251343483,3700,20,74000
twonorm,9,feature_extraction,imagenet,1.3374483999796212,0.018657831174484028,3700,512,1894400
twonorm,9,hscore,imagenet,0.10667115999385715,0.00536531633611851,3700,512,1894400
twonorm,9,transrate,imagenet,0.04325686004012823,0.001885920041221518,3700,512,1894400
twonorm,9,feature_extraction,random,1.3291200664825737,0.02190638593689139,3700,512,1894400
twonorm,9,hscore,random,0.10687719974666834,0.0038639101124847385,3700,512,1894400
twonorm,9,transrate,random,0.04049698002636433,0.0012376498434930783,3700,512,1894400
wisconsin,0,complexity_22,raw_tabular,0.14323769990975657,0.0008040247330854414,349,9,3141
wisconsin,0,complexity_n2,raw_tabular,0.008715066903581222,9.4331184800227e-05,349,9,3141
wisconsin,0,complexity_l1,raw_tabular,0.0007069666559497515,2.660436195434973e-05,349,9,3141
wisconsin,0,encoding,shared,0.13646499998867512,0.0036202766466751036,349,9,3141
wisconsin,0,feature_extraction,imagenet,0.12213276668141286,0.0011156972906372455,349,512,178688
wisconsin,0,hscore,imagenet,0.06605295995250345,0.0032475533568131552,349,512,178688
wisconsin,0,transrate,imagenet,0.01401477986946702,0.004794599818492039,349,512,178688
wisconsin,0,feature_extraction,random,0.12237426669647296,0.0007176657450232829,349,512,178688
wisconsin,0,hscore,random,0.07136081997305155,0.006262101067448157,349,512,178688
wisconsin,0,transrate,random,0.013903540000319481,0.001158974282929801,349,512,178688
wisconsin,1,complexity_22,raw_tabular,0.14337756671011448,0.00025201657465532455,350,9,3150
wisconsin,1,complexity_n2,raw_tabular,0.008746333420276642,0.00032329343517271166,350,9,3150
wisconsin,1,complexity_l1,raw_tabular,0.0007402334983150164,6.703999138720985e-05,350,9,3150
wisconsin,1,encoding,shared,0.1320422332112988,0.0002820763107113111,350,9,3150
wisconsin,1,feature_extraction,imagenet,0.12683186664556464,0.0024547013422203372,350,512,179200
wisconsin,1,hscore,imagenet,0.06310735996812582,0.004993087920317852,350,512,179200
wisconsin,1,transrate,imagenet,0.014056139998137951,0.0026031750228925213,350,512,179200
wisconsin,1,feature_extraction,random,0.1255311667919159,0.002336511387853122,350,512,179200
wisconsin,1,hscore,random,0.06939324010163546,0.0039463338918665205,350,512,179200
wisconsin,1,transrate,random,0.012436039932072162,0.0015543195776160953,350,512,179200
wisconsin,2,complexity_22,raw_tabular,0.14168086647987366,0.0006981806263690257,349,9,3141
wisconsin,2,complexity_n2,raw_tabular,0.008441966803123554,2.373349666597259e-05,349,9,3141
wisconsin,2,complexity_l1,raw_tabular,0.0006782333366572857,3.691275930153967e-05,349,9,3141
wisconsin,2,encoding,shared,0.13385809989025196,0.0029442427570240647,349,9,3141
wisconsin,2,feature_extraction,imagenet,0.1269062333740294,0.006254379062597555,349,512,178688
wisconsin,2,hscore,imagenet,0.07124899998307228,0.006317983581683316,349,512,178688
wisconsin,2,transrate,imagenet,0.015815160050988198,0.0033203115998312323,349,512,178688
wisconsin,2,feature_extraction,random,0.12540656669686237,0.004764377584932368,349,512,178688
wisconsin,2,hscore,random,0.07043011989444495,0.005374412709510541,349,512,178688
wisconsin,2,transrate,random,0.013277759868651628,0.001393634482055956,349,512,178688
wisconsin,3,complexity_22,raw_tabular,0.1459467331878841,0.002421727843713323,350,9,3150
wisconsin,3,complexity_n2,raw_tabular,0.008572200157990059,0.00023682172429620351,350,9,3150
wisconsin,3,complexity_l1,raw_tabular,0.0006589335389435291,1.1446743203641634e-05,350,9,3150
wisconsin,3,encoding,shared,0.13784459993864098,0.004515432460241826,350,9,3150
wisconsin,3,feature_extraction,imagenet,0.12811229998866716,0.006766773986930109,350,512,179200
wisconsin,3,hscore,imagenet,0.06893266011029482,0.003463977789470591,350,512,179200
wisconsin,3,transrate,imagenet,0.013701859954744577,0.003227067015461277,350,512,179200
wisconsin,3,feature_extraction,random,0.12564010017861924,0.0024560536119074767,350,512,179200
wisconsin,3,hscore,random,0.0703621999360621,0.005384173628949488,350,512,179200
wisconsin,3,transrate,random,0.013817920070141553,0.0048477820920497456,350,512,179200
wisconsin,4,complexity_22,raw_tabular,0.14338389985884228,0.0007267942691126906,349,9,3141
wisconsin,4,complexity_n2,raw_tabular,0.007923833404978117,3.0121865969901166e-05,349,9,3141
wisconsin,4,complexity_l1,raw_tabular,0.0006190999411046505,7.239389001742035e-06,349,9,3141
wisconsin,4,encoding,shared,0.1354731999648114,0.0008118063266568131,349,9,3141
wisconsin,4,feature_extraction,imagenet,0.1233542999252677,0.0012461619814163002,349,512,178688
wisconsin,4,hscore,imagenet,0.06580601995810867,0.004181054330094128,349,512,178688
wisconsin,4,transrate,imagenet,0.011760039906948804,0.00031090529375676435,349,512,178688
wisconsin,4,feature_extraction,random,0.12260869999105732,0.0005892852186528179,349,512,178688
wisconsin,4,hscore,random,0.07149109989404678,0.006221382965944104,349,512,178688
wisconsin,4,transrate,random,0.012092880066484213,0.0005450133111395164,349,512,178688
wisconsin,5,complexity_22,raw_tabular,0.14345786658426127,0.001145125799450827,350,9,3150
wisconsin,5,complexity_n2,raw_tabular,0.00849853316321969,8.513036875575837e-05,350,9,3150
wisconsin,5,complexity_l1,raw_tabular,0.0006651335085431734,4.479149042108261e-06,350,9,3150
wisconsin,5,encoding,shared,0.13472259991491833,0.0003721910044794439,350,9,3150
wisconsin,5,feature_extraction,imagenet,0.1276581333950162,0.0018122314793394517,350,512,179200
wisconsin,5,hscore,imagenet,0.06984120002016425,0.00520652440782793,350,512,179200
wisconsin,5,transrate,imagenet,0.012329219933599233,0.00040139307267525134,350,512,179200
wisconsin,5,feature_extraction,random,0.1243098999063174,0.002957444195806609,350,512,179200
wisconsin,5,hscore,random,0.07139475997537374,0.0014106715842527285,350,512,179200
wisconsin,5,transrate,random,0.01383721986785531,0.0035583076302285487,350,512,179200
wisconsin,6,complexity_22,raw_tabular,0.14327906661977372,0.0005937825041006204,349,9,3141
wisconsin,6,complexity_n2,raw_tabular,0.008444633179654678,6.0221860634171065e-05,349,9,3141
wisconsin,6,complexity_l1,raw_tabular,0.0006574667058885098,8.810803152811927e-06,349,9,3141
wisconsin,6,encoding,shared,0.13780660011495152,0.005016359077626718,349,9,3141
wisconsin,6,feature_extraction,imagenet,0.12252146657556295,0.0009580022937614007,349,512,178688
wisconsin,6,hscore,imagenet,0.0712662199512124,0.005419242866451937,349,512,178688
wisconsin,6,transrate,imagenet,0.013914499897509813,0.0024804370382591973,349,512,178688
wisconsin,6,feature_extraction,random,0.12604133350153765,0.002550670219541121,349,512,178688
wisconsin,6,hscore,random,0.0661238799802959,0.006008017937887732,349,512,178688
wisconsin,6,transrate,random,0.013390920124948025,0.0005414133183707471,349,512,178688
wisconsin,7,complexity_22,raw_tabular,0.14653750012318292,0.0020291823064985293,350,9,3150
wisconsin,7,complexity_n2,raw_tabular,0.008665800094604492,0.00021654472626990014,350,9,3150
wisconsin,7,complexity_l1,raw_tabular,0.0006908665721615156,1.2837474160999746e-05,350,9,3150
wisconsin,7,encoding,shared,0.13710663312425217,0.003733181954471257,350,9,3150
wisconsin,7,feature_extraction,imagenet,0.12239006642873089,0.00033099705909977713,350,512,179200
wisconsin,7,hscore,imagenet,0.06496524009853602,0.0022715287258863372,350,512,179200
wisconsin,7,transrate,imagenet,0.013259500078856946,0.002480294486044448,350,512,179200
wisconsin,7,feature_extraction,random,0.13200453342869878,0.006602524121576183,350,512,179200
wisconsin,7,hscore,random,0.06504670009016991,0.0031021020572847744,350,512,179200
wisconsin,7,transrate,random,0.013227619975805283,0.0021613028052898066,350,512,179200
wisconsin,8,complexity_22,raw_tabular,0.1457538998996218,0.0021244162482829784,349,9,3141
wisconsin,8,complexity_n2,raw_tabular,0.008958033286035061,0.0008033332264507549,349,9,3141
wisconsin,8,complexity_l1,raw_tabular,0.0006511000295480093,2.305169936468243e-05,349,9,3141
wisconsin,8,encoding,shared,0.13553739991039038,0.002037926859110126,349,9,3141
wisconsin,8,feature_extraction,imagenet,0.1399566998394827,0.002068560701671961,349,512,178688
wisconsin,8,hscore,imagenet,0.0650712599977851,0.006205949288882683,349,512,178688
wisconsin,8,transrate,imagenet,0.01684638001024723,0.006298385413169222,349,512,178688
wisconsin,8,feature_extraction,random,0.12249779980629683,0.00016530785488986686,349,512,178688
wisconsin,8,hscore,random,0.07074903985485434,0.004700760641443242,349,512,178688
wisconsin,8,transrate,random,0.012383999861776828,0.0003080912074483318,349,512,178688
wisconsin,9,complexity_22,raw_tabular,0.144281599825869,0.0018580766295017326,350,9,3150
wisconsin,9,complexity_n2,raw_tabular,0.008751700011392435,6.844180659417752e-05,350,9,3150
wisconsin,9,complexity_l1,raw_tabular,0.0006647001331051191,1.574811126812793e-05,350,9,3150
wisconsin,9,encoding,shared,0.13756989998122057,0.0036781858182061045,350,9,3150
wisconsin,9,feature_extraction,imagenet,0.1310236000766357,0.0019397293620349847,350,512,179200
wisconsin,9,hscore,imagenet,0.06474973997101188,0.001887670355480419,350,512,179200
wisconsin,9,transrate,imagenet,0.012404799927026033,0.0018382147540998177,350,512,179200
wisconsin,9,feature_extraction,random,0.1300381664186716,0.005534764565292745,350,512,179200
wisconsin,9,hscore,random,0.0650277399457991,0.0017754113600713362,350,512,179200
wisconsin,9,transrate,random,0.01273472011089325,0.0003985369642564651,350,512,179200
