dataset,fold,method,init,mean_seconds,std_seconds,n_samples,n_features,size_proxy
australian,0,complexity_22,raw_tabular,0.10742243348310392,0.0015771946695016222,345,14,4830
australian,0,complexity_l2,raw_tabular,0.0012574666179716587,7.349450130152308e-06,345,14,4830
australian,0,complexity_density,raw_tabular,0.008487700019031763,3.2276157195406154e-05,345,14,4830
australian,0,encoding,shared,0.14210643339902163,0.0021474979070082822,345,14,4830
australian,0,feature_extraction,imagenet,0.12365760002285242,0.0019644375392621483,345,512,176640
australian,0,hscore,imagenet,0.054528880026191474,0.0008408685907340586,345,512,176640
australian,0,transrate,imagenet,0.00993431992828846,0.00043547900852371045,345,512,176640
australian,0,feature_extraction,random,0.12194736658905943,0.001944700079317713,345,512,176640
australian,0,hscore,random,0.054108860064297916,0.001813121341159869,345,512,176640
australian,0,transrate,random,0.01015870003029704,0.0011168693548975204,345,512,176640
australian,1,complexity_22,raw_tabular,0.10824569997688134,0.0023405974581508673,345,14,4830
australian,1,complexity_l2,raw_tabular,0.0014182332282265027,5.492099089232802e-06,345,14,4830
australian,1,complexity_density,raw_tabular,0.008367666509002447,3.0790845115242925e-05,345,14,4830
australian,1,encoding,shared,0.14108443322281042,0.004262041791680635,345,14,4830
australian,1,feature_extraction,imagenet,0.18247913336381316,0.045144720371629955,345,512,176640
australian,1,hscore,imagenet,0.08459753999486566,0.002269568504413324,345,512,176640
australian,1,transrate,imagenet,0.01154407998546958,0.0006033057787399323,345,512,176640
australian,1,feature_extraction,random,0.1418968333552281,0.00599136842257438,345,512,176640
australian,1,hscore,random,0.08146461993455886,0.00048731286839868976,345,512,176640
australian,1,transrate,random,0.011381059978157282,0.00024397808546668573,345,512,176640
australian,2,complexity_22,raw_tabular,0.11200456678246458,0.001327096893364374,345,14,4830
australian,2,complexity_l2,raw_tabular,0.0012566667671004932,1.947613572426291e-05,345,14,4830
australian,2,complexity_density,raw_tabular,0.008761766677101454,0.00012013326529759617,345,14,4830
australian,2,encoding,shared,0.14334833342581987,0.0028623371515952263,345,14,4830
australian,2,feature_extraction,imagenet,0.12718893323714534,0.008991343429078456,345,512,176640
australian,2,hscore,imagenet,0.07746360003948212,0.005149230961709735,345,512,176640
australian,2,transrate,imagenet,0.01118267998099327,0.0004939940626352458,345,512,176640
australian,2,feature_extraction,random,0.14762390001366535,0.021934273251381985,345,512,176640
australian,2,hscore,random,0.07767891995608807,0.003594450090351244,345,512,176640
australian,2,transrate,random,0.011019980069249868,0.00035584309936264013,345,512,176640
australian,3,complexity_22,raw_tabular,0.11100596686204274,0.001296706259966112,345,14,4830
australian,3,complexity_l2,raw_tabular,0.001128166603545348,2.089327233244396e-05,345,14,4830
australian,3,complexity_density,raw_tabular,0.008344666721920172,0.0001006579175409771,345,14,4830
australian,3,encoding,shared,0.16879519975433746,0.02340424679222018,345,14,4830
australian,3,feature_extraction,imagenet,0.12470110009113948,0.0018486614113380306,345,512,176640
australian,3,hscore,imagenet,0.07878975989297032,0.0033357562565981737,345,512,176640
australian,3,transrate,imagenet,0.012885599955916404,0.0018119262297738759,345,512,176640
australian,3,feature_extraction,random,0.14428803340221444,0.01654110713477246,345,512,176640
australian,3,hscore,random,0.07668288014829158,0.0042066599126558135,345,512,176640
australian,3,transrate,random,0.013610639981925488,0.0016833467317053361,345,512,176640
australian,4,complexity_22,raw_tabular,0.1116955333078901,0.002184369950800691,345,14,4830
australian,4,complexity_l2,raw_tabular,0.001388333427409331,4.280346377320493e-05,345,14,4830
australian,4,complexity_density,raw_tabular,0.01014280008773009,0.0024325974060325144,345,14,4830
australian,4,encoding,shared,0.14135606664543351,0.0017498804130832307,345,14,4830
australian,4,feature_extraction,imagenet,0.12296533320719998,0.002138028124501793,345,512,176640
australian,4,hscore,imagenet,0.07831541998311878,0.0021615717002380734,345,512,176640
australian,4,transrate,imagenet,0.011881840042769909,0.0006552448428563777,345,512,176640
australian,4,feature_extraction,random,0.12297516673182447,0.001763534051977565,345,512,176640
australian,4,hscore,random,0.07066792016848922,0.005934734259777822,345,512,176640
australian,4,transrate,random,0.016738200094550848,0.006110970364404664,345,512,176640
australian,5,complexity_22,raw_tabular,0.11413256668796141,0.005906335225901866,345,14,4830
australian,5,complexity_l2,raw_tabular,0.0013632667250931263,3.033400834588673e-05,345,14,4830
australian,5,complexity_density,raw_tabular,0.008578899937371412,0.00026265772479891106,345,14,4830
australian,5,encoding,shared,0.1377172665670514,0.0017311484558041044,345,14,4830
australian,5,feature_extraction,imagenet,0.14895383346204957,0.008181696908887925,345,512,176640
australian,5,hscore,imagenet,0.07456462020054459,0.00335648298813173,345,512,176640
australian,5,transrate,imagenet,0.01629150016233325,0.003226719306943211,345,512,176640
australian,5,feature_extraction,random,0.13943963327134648,0.002000834987275894,345,512,176640
australian,5,hscore,random,0.08024295996874571,0.001970587169741972,345,512,176640
australian,5,transrate,random,0.0125900000333786,0.001753629022361693,345,512,176640
australian,6,complexity_22,raw_tabular,0.12338316673412919,0.01590773584530146,345,14,4830
australian,6,complexity_l2,raw_tabular,0.0011995999763409297,1.8330481520680512e-05,345,14,4830
australian,6,complexity_density,raw_tabular,0.008821966902663311,0.0005910744272759118,345,14,4830
australian,6,encoding,shared,0.18076299984628955,0.017127751552061088,345,14,4830
australian,6,feature_extraction,imagenet,0.146519066610684,0.01134408775558623,345,512,176640
australian,6,hscore,imagenet,0.0819946400821209,0.0009005910872631395,345,512,176640
australian,6,transrate,imagenet,0.011770339962095023,0.000899098740585706,345,512,176640
australian,6,feature_extraction,random,0.13657453330233693,0.003091325061508272,345,512,176640
australian,6,hscore,random,0.08153344001621007,0.0040730637009221,345,512,176640
australian,6,transrate,random,0.012473859917372465,0.0001717913083268299,345,512,176640
australian,7,complexity_22,raw_tabular,0.16139720007777214,0.0373425849878863,345,14,4830
australian,7,complexity_l2,raw_tabular,0.0012338333763182163,8.470022061978466e-05,345,14,4830
australian,7,complexity_density,raw_tabular,0.00894933333620429,0.00016542072017605282,345,14,4830
australian,7,encoding,shared,0.16147059993818402,0.013221382181229828,345,14,4830
australian,7,feature_extraction,imagenet,0.13684176669145623,0.0017212102915928997,345,512,176640
australian,7,hscore,imagenet,0.0795912398956716,0.0011074729897772998,345,512,176640
australian,7,transrate,imagenet,0.010646980069577695,0.00025133314039950643,345,512,176640
australian,7,feature_extraction,random,0.13987403347467384,0.004885139838579702,345,512,176640
australian,7,hscore,random,0.07905450006946921,0.0007562926683488992,345,512,176640
australian,7,transrate,random,0.011663439963012934,0.0007415219806847338,345,512,176640
australian,8,complexity_22,raw_tabular,0.12514170010884604,0.008249868684183722,345,14,4830
australian,8,complexity_l2,raw_tabular,0.0015324330888688564,0.0001648313934118796,345,14,4830
australian,8,complexity_density,raw_tabular,0.009025666552285353,0.00023570013794694945,345,14,4830
australian,8,encoding,shared,0.1803944998731216,0.03536016503814771,345,14,4830
australian,8,feature_extraction,imagenet,0.1381913999406,0.005048052164570622,345,512,176640
australian,8,hscore,imagenet,0.08831175984814763,0.006672706785928357,345,512,176640
australian,8,transrate,imagenet,0.01091086007654667,0.00028099133826439563,345,512,176640
australian,8,feature_extraction,random,0.13892816674585143,0.005479557368722594,345,512,176640
australian,8,hscore,random,0.08504606001079082,0.002741961696586369,345,512,176640
australian,8,transrate,random,0.01126009998843074,0.0009903569489371359,345,512,176640
australian,9,complexity_22,raw_tabular,0.11639753341053923,0.0020295826406251196,345,14,4830
australian,9,complexity_l2,raw_tabular,0.0012990334071218967,8.74975875827306e-05,345,14,4830
australian,9,complexity_density,raw_tabular,0.011776466543475786,0.0013515617998346465,345,14,4830
australian,9,encoding,shared,0.15951466684540114,0.024890792601483424,345,14,4830
australian,9,feature_extraction,imagenet,0.12952016666531563,0.008222854287089167,345,512,176640
australian,9,hscore,imagenet,0.07743081999942661,0.0021427587677951736,345,512,176640
australian,9,transrate,imagenet,0.011255960073322057,0.0003862167795880022,345,512,176640
australian,9,feature_extraction,random,0.14182086661458015,0.008534433505621244,345,512,176640
australian,9,hscore,random,0.07658855989575386,0.004320394427805222,345,512,176640
australian,9,transrate,random,0.011027180030941964,0.00016931253914916078,345,512,176640
banknote,0,complexity_22,raw_tabular,0.33918010008831817,0.03693926376196002,686,4,2744
banknote,0,complexity_l2,raw_tabular,0.000595566506187121,1.2633774114636397e-05,686,4,2744
banknote,0,complexity_density,raw_tabular,0.025106466685732205,0.0003614930890051304,686,4,2744
banknote,0,encoding,shared,0.2755060000345111,0.00404915453078984,686,4,2744
banknote,0,feature_extraction,imagenet,0.26626170007511973,0.008186075703044781,686,512,351232
banknote,0,hscore,imagenet,0.08550948007032275,0.0035296312302632755,686,512,351232
banknote,0,transrate,imagenet,0.013552740029990674,0.0004960589989223618,686,512,351232
banknote,0,feature_extraction,random,0.2572221335334082,0.0031076177675655884,686,512,351232
banknote,0,hscore,random,0.0842201598919928,0.005962287035872782,686,512,351232
banknote,0,transrate,random,0.01598967993631959,0.0007233185253791775,686,512,351232
banknote,1,complexity_22,raw_tabular,0.3207253332560261,0.018792940051323342,686,4,2744
banknote,1,complexity_l2,raw_tabular,0.0005847997963428497,4.4400910806876346e-05,686,4,2744
banknote,1,complexity_density,raw_tabular,0.024308333328614633,0.00019358653976935317,686,4,2744
banknote,1,encoding,shared,0.2686519332540532,0.0029455412652606714,686,4,2744
banknote,1,feature_extraction,imagenet,0.2609811667352915,0.004994809062227788,686,512,351232
banknote,1,hscore,imagenet,0.07798008024692535,0.0036404105652947097,686,512,351232
banknote,1,transrate,imagenet,0.017351179849356413,0.0015212162608531836,686,512,351232
banknote,1,feature_extraction,random,0.25302863338341314,0.005894862521952658,686,512,351232
banknote,1,hscore,random,0.08450825996696949,0.003907727381633502,686,512,351232
banknote,1,transrate,random,0.01655131997540593,0.0011944410447571724,686,512,351232
banknote,2,complexity_22,raw_tabular,0.2991920666148265,0.0033587124020294334,686,4,2744
banknote,2,complexity_l2,raw_tabular,0.0006229998543858528,0.00010903782928607997,686,4,2744
banknote,2,complexity_density,raw_tabular,0.02475476684048772,0.00041021975609215267,686,4,2744
banknote,2,encoding,shared,0.283826500022163,0.013185516762927285,686,4,2744
banknote,2,feature_extraction,imagenet,0.25722870013366145,0.023205142720156762,686,512,351232
banknote,2,hscore,imagenet,0.07922591995447874,0.004112867222640093,686,512,351232
banknote,2,transrate,imagenet,0.017348120082169773,0.003139828758667043,686,512,351232
banknote,2,feature_extraction,random,0.25303243317951757,0.009883285214791789,686,512,351232
banknote,2,hscore,random,0.08462119996547698,0.0030660819838829153,686,512,351232
banknote,2,transrate,random,0.015693420078605413,0.001194423034630842,686,512,351232
banknote,3,complexity_22,raw_tabular,0.3039529666615029,0.0044509842487206385,686,4,2744
banknote,3,complexity_l2,raw_tabular,0.0005638664588332176,1.8983913463834553e-05,686,4,2744
banknote,3,complexity_density,raw_tabular,0.023430566458652418,0.00024211441822483286,686,4,2744
banknote,3,encoding,shared,0.27697709994390607,0.009443407834049117,686,4,2744
banknote,3,feature_extraction,imagenet,0.24456826659540334,0.0049893958400340265,686,512,351232
banknote,3,hscore,imagenet,0.07684256006032228,0.005188502527509559,686,512,351232
banknote,3,transrate,imagenet,0.015131879970431328,0.0009807723139602584,686,512,351232
banknote,3,feature_extraction,random,0.26129643339663744,0.0038012019542118655,686,512,351232
banknote,3,hscore,random,0.08638518005609512,0.00655161733449853,686,512,351232
banknote,3,transrate,random,0.016080959979444743,0.0005599592778917551,686,512,351232
banknote,4,complexity_22,raw_tabular,0.31931096672390896,0.015262882949498055,686,4,2744
banknote,4,complexity_l2,raw_tabular,0.0005423667219777902,9.477086545113333e-06,686,4,2744
banknote,4,complexity_density,raw_tabular,0.023916499844441812,7.00497284210181e-05,686,4,2744
banknote,4,encoding,shared,0.27167200002198416,0.004648560911819327,686,4,2744
banknote,4,feature_extraction,imagenet,0.25214919991170365,0.006588254115002699,686,512,351232
banknote,4,hscore,imagenet,0.08562136003747582,0.0020856989352020716,686,512,351232
banknote,4,transrate,imagenet,0.014286259934306145,0.0005406138371595717,686,512,351232
banknote,4,feature_extraction,random,0.2902434663847089,0.0334866193344608,686,512,351232
banknote,4,hscore,random,0.08507187999784946,0.004643467730967383,686,512,351232
banknote,4,transrate,random,0.014302580058574677,0.00047156972551725144,686,512,351232
banknote,5,complexity_22,raw_tabular,0.3098998667361836,0.0032399846745527604,686,4,2744
banknote,5,complexity_l2,raw_tabular,0.000670366765310367,2.7438657963718323e-05,686,4,2744
banknote,5,complexity_density,raw_tabular,0.024840633384883404,0.00041192246694410345,686,4,2744
banknote,5,encoding,shared,0.27517366673176485,0.0075788315389813685,686,4,2744
banknote,5,feature_extraction,imagenet,0.2620774667399625,0.008684803704308386,686,512,351232
banknote,5,hscore,imagenet,0.08605054002255201,0.0022112581466389907,686,512,351232
banknote,5,transrate,imagenet,0.0142029601149261,0.0002256515571753346,686,512,351232
banknote,5,feature_extraction,random,0.26923363329842687,0.006113944977025897,686,512,351232
banknote,5,hscore,random,0.08939865985885262,0.000723582314443494,686,512,351232
banknote,5,transrate,random,0.014085020031780004,0.0010310856485876863,686,512,351232
banknote,6,complexity_22,raw_tabular,0.33238593333711225,0.01857131519577684,686,4,2744
banknote,6,complexity_l2,raw_tabular,0.0006038001738488674,5.586142669544293e-05,686,4,2744
banknote,6,complexity_density,raw_tabular,0.025552900042384863,0.0006425732750660635,686,4,2744
banknote,6,encoding,shared,0.29544996671999496,0.030856727907720986,686,4,2744
banknote,6,feature_extraction,imagenet,0.25356819992884994,0.007033620007296464,686,512,351232
banknote,6,hscore,imagenet,0.08466237997636199,0.0014887349730510978,686,512,351232
banknote,6,transrate,imagenet,0.013826039899140597,0.000557260476555351,686,512,351232
banknote,6,feature_extraction,random,0.2748998332147797,0.013679931698029347,686,512,351232
banknote,6,hscore,random,0.09126490009948611,0.0024248232403786315,686,512,351232
banknote,6,transrate,random,0.014466860052198171,0.0006963042671009695,686,512,351232
banknote,7,complexity_22,raw_tabular,0.3194602665801843,0.015169451282349483,686,4,2744
banknote,7,complexity_l2,raw_tabular,0.000649766530841589,8.012331298229078e-05,686,4,2744
banknote,7,complexity_density,raw_tabular,0.024527833176155884,0.0006795640396288397,686,4,2744
banknote,7,encoding,shared,0.2683302997611463,0.002808370484977217,686,4,2744
banknote,7,feature_extraction,imagenet,0.28124866681173444,0.0206194353572914,686,512,351232
banknote,7,hscore,imagenet,0.08459293991327285,0.0024588598387749873,686,512,351232
banknote,7,transrate,imagenet,0.013905480038374662,0.000923483768222586,686,512,351232
banknote,7,feature_extraction,random,0.2660416665797432,0.006427345528328308,686,512,351232
banknote,7,hscore,random,0.08995023984462022,0.002848562366486098,686,512,351232
banknote,7,transrate,random,0.013825100101530551,0.00039844986788307914,686,512,351232
banknote,8,complexity_22,raw_tabular,0.30371333348254365,0.004093123781808496,686,4,2744
banknote,8,complexity_l2,raw_tabular,0.0005732333908478419,1.62803433754331e-05,686,4,2744
banknote,8,complexity_density,raw_tabular,0.024799666677912075,0.00043744443691795857,686,4,2744
banknote,8,encoding,shared,0.2914861335108678,0.014471082231876974,686,4,2744
banknote,8,feature_extraction,imagenet,0.26675169992571074,0.002064299873766301,686,512,351232
banknote,8,hscore,imagenet,0.0836752599105239,0.002520436626445431,686,512,351232
banknote,8,transrate,imagenet,0.014146980084478854,0.0011328173811633684,686,512,351232
banknote,8,feature_extraction,random,0.26528106660892564,0.0014470193838947304,686,512,351232
banknote,8,hscore,random,0.09073267998173833,0.0022804738293816652,686,512,351232
banknote,8,transrate,random,0.01443525990471244,0.0009453812620286324,686,512,351232
banknote,9,complexity_22,raw_tabular,0.3053965998503069,0.0011813777329017809,686,4,2744
banknote,9,complexity_l2,raw_tabular,0.0005716332234442234,3.4400322252058564e-05,686,4,2744
banknote,9,complexity_density,raw_tabular,0.027990266680717468,0.0032297903764122553,686,4,2744
banknote,9,encoding,shared,0.28481646658231813,0.021107393410975086,686,4,2744
banknote,9,feature_extraction,imagenet,0.2618206000576417,0.025010927881044726,686,512,351232
banknote,9,hscore,imagenet,0.07973055997863412,0.005655083617120617,686,512,351232
banknote,9,transrate,imagenet,0.016785120032727717,0.0033985855090307017,686,512,351232
banknote,9,feature_extraction,random,0.26633003323028487,0.004973121864248429,686,512,351232
banknote,9,hscore,random,0.08128538001328707,0.003326606908649036,686,512,351232
banknote,9,transrate,random,0.01628579990938306,0.0015016850332322503,686,512,351232
breastcancoimbra,0,complexity_22,raw_tabular,0.012553033418953419,7.822552498729892e-05,58,9,522
breastcancoimbra,0,complexity_l2,raw_tabular,0.00048666664709647495,2.2080093733504623e-05,58,9,522
breastcancoimbra,0,complexity_density,raw_tabular,0.0009955667580167453,1.8452833487309545e-05,58,9,522
breastcancoimbra,0,encoding,shared,0.05823743327831229,0.0472405222741067,58,9,522
breastcancoimbra,0,feature_extraction,imagenet,0.021656366530805826,0.000426008473514571,58,512,29696
breastcancoimbra,0,hscore,imagenet,0.06529402006417513,0.004125737343794605,58,512,29696
breastcancoimbra,0,transrate,imagenet,0.01027421997860074,0.001122115856094829,58,512,29696
breastcancoimbra,0,feature_extraction,random,0.021475700195878744,0.0003338119909520404,58,512,29696
breastcancoimbra,0,hscore,random,0.06362584019079805,0.005634456887406632,58,512,29696
breastcancoimbra,0,transrate,random,0.009886759892106056,0.0018415537909742903,58,512,29696
breastcancoimbra,1,complexity_22,raw_tabular,0.013269133244951567,0.0006596166602801173,58,9,522
breastcancoimbra,1,complexity_l2,raw_tabular,0.0006019999273121357,0.00014119869432693586,58,9,522
breastcancoimbra,1,complexity_density,raw_tabular,0.0010033332121868928,1.185781398428935e-05,58,9,522
breastcancoimbra,1,encoding,shared,0.02497376672302683,0.0006250181058445228,58,9,522
breastcancoimbra,1,feature_extraction,imagenet,0.02484363317489624,0.003220643674405177,58,512,29696
breastcancoimbra,1,hscore,imagenet,0.07026252001523972,0.0021984813768908124,58,512,29696
breastcancoimbra,1,transrate,imagenet,0.010041680093854666,0.0003406365636460672,58,512,29696
breastcancoimbra,1,feature_extraction,random,0.02165103346730272,0.00029937816935324827,58,512,29696
breastcancoimbra,1,hscore,random,0.0650741401128471,0.0047435335269776085,58,512,29696
breastcancoimbra,1,transrate,random,0.010509519930928945,0.0010143216259148472,58,512,29696
breastcancoimbra,2,complexity_22,raw_tabular,0.014909466728568077,0.003026876217519039,58,9,522
breastcancoimbra,2,complexity_l2,raw_tabular,0.00043383318309982616,7.85480288447056e-06,58,9,522
breastcancoimbra,2,complexity_density,raw_tabular,0.0009770332835614681,1.2421616853396116e-05,58,9,522
breastcancoimbra,2,encoding,shared,0.02464479999616742,0.00022995993756795322,58,9,522
breastcancoimbra,2,feature_extraction,imagenet,0.02153186670814951,0.0004075478408169663,58,512,29696
breastcancoimbra,2,hscore,imagenet,0.06098927995190025,0.0055391107782195295,58,512,29696
breastcancoimbra,2,transrate,imagenet,0.009712360054254531,0.0003714749546139104,58,512,29696
breastcancoimbra,2,feature_extraction,random,0.02307233354076743,0.00014822411368034313,58,512,29696
breastcancoimbra,2,hscore,random,0.06844258001074195,0.0022279025049397744,58,512,29696
breastcancoimbra,2,transrate,random,0.009727299865335225,0.000742515922611271,58,512,29696
breastcancoimbra,3,complexity_22,raw_tabular,0.013924800014744202,0.00046671009449110673,58,9,522
breastcancoimbra,3,complexity_l2,raw_tabular,0.0004852665588259697,6.086227097504238e-06,58,9,522
breastcancoimbra,3,complexity_density,raw_tabular,0.0009900333049396675,1.5600527312583074e-05,58,9,522
breastcancoimbra,3,encoding,shared,0.024597099982202053,0.0005081904397722054,58,9,522
breastcancoimbra,3,feature_extraction,imagenet,0.021415066594878834,0.00012326059042614486,58,512,29696
breastcancoimbra,3,hscore,imagenet,0.07144002001732588,0.002149599041518759,58,512,29696
breastcancoimbra,3,transrate,imagenet,0.011682080011814833,0.004093170126195008,58,512,29696
breastcancoimbra,3,feature_extraction,random,0.02136483338351051,3.2668545854717966e-05,58,512,29696
breastcancoimbra,3,hscore,random,0.0714830600656569,0.0017322546091233114,58,512,29696
breastcancoimbra,3,transrate,random,0.010267680045217276,0.0004217038588341207,58,512,29696
breastcancoimbra,4,complexity_22,raw_tabular,0.01230053324252367,0.00011967717351540812,58,9,522
breastcancoimbra,4,complexity_l2,raw_tabular,0.00048010004684329033,8.532777259209386e-06,58,9,522
breastcancoimbra,4,complexity_density,raw_tabular,0.0009702333870033423,1.3580481794293921e-05,58,9,522
breastcancoimbra,4,encoding,shared,0.027223733408997457,0.0019157952777115312,58,9,522
breastcancoimbra,4,feature_extraction,imagenet,0.02121273319547375,8.332400018924836e-05,58,512,29696
breastcancoimbra,4,hscore,imagenet,0.06946354005485773,0.004469662470901913,58,512,29696
breastcancoimbra,4,transrate,imagenet,0.013848180044442415,0.006675480886392882,58,512,29696
breastcancoimbra,4,feature_extraction,random,0.022649166639894247,0.0014819131240356518,58,512,29696
breastcancoimbra,4,hscore,random,0.061349220015108584,0.0026600238919440924,58,512,29696
breastcancoimbra,4,transrate,random,0.013031799998134374,0.0030528967606532325,58,512,29696
breastcancoimbra,5,complexity_22,raw_tabular,0.012548500206321478,4.738980975995839e-05,58,9,522
breastcancoimbra,5,complexity_l2,raw_tabular,0.0005028331652283669,3.203476300711662e-05,58,9,522
breastcancoimbra,5,complexity_density,raw_tabular,0.0009774665037790935,1.1391528091191297e-05,58,9,522
breastcancoimbra,5,encoding,shared,0.024911699971805017,0.0004500801611882976,58,9,522
breastcancoimbra,5,feature_extraction,imagenet,0.021539466610799234,0.00026089013712668333,58,512,29696
breastcancoimbra,5,hscore,imagenet,0.07264951998367905,0.004140589009435741,58,512,29696
breastcancoimbra,5,transrate,imagenet,0.009512659907341004,0.0008365573057583307,58,512,29696
breastcancoimbra,5,feature_extraction,random,0.023765199972937506,0.003272858970049889,58,512,29696
breastcancoimbra,5,hscore,random,0.07048884006217122,0.0026020931637336714,58,512,29696
breastcancoimbra,5,transrate,random,0.009362459927797318,0.0004666195325860007,58,512,29696
breastcancoimbra,6,complexity_22,raw_tabular,0.013478766816357771,0.0009367878547794036,58,9,522
breastcancoimbra,6,complexity_l2,raw_tabular,0.0004596334571639697,3.0653619265535823e-06,58,9,522
breastcancoimbra,6,complexity_density,raw_tabular,0.0009682332165539265,1.6603196321491836e-05,58,9,522
breastcancoimbra,6,encoding,shared,0.024822433323909838,0.0001423130053645212,58,9,522
breastcancoimbra,6,feature_extraction,imagenet,0.021903833219160635,0.00018685209708911322,58,512,29696
breastcancoimbra,6,hscore,imagenet,0.07015227992087603,0.004435992567187045,58,512,29696
breastcancoimbra,6,transrate,imagenet,0.01060963999480009,0.002847860183540387,58,512,29696
breastcancoimbra,6,feature_extraction,random,0.021261966632058222,8.881930225745265e-05,58,512,29696
breastcancoimbra,6,hscore,random,0.06620864020660519,0.006671040159971311,58,512,29696
breastcancoimbra,6,transrate,random,0.009541620034724474,0.0005911425279098248,58,512,29696
breastcancoimbra,7,complexity_22,raw_tabular,0.013392066738257805,0.000368788821854173,58,9,522
breastcancoimbra,7,complexity_l2,raw_tabular,0.0004853333036104838,1.1024412470138263e-05,58,9,522
breastcancoimbra,7,complexity_density,raw_tabular,0.0010073667702575524,3.396667569927087e-05,58,9,522
breastcancoimbra,7,encoding,shared,0.024214566685259342,5.805169483923235e-05,58,9,522
breastcancoimbra,7,feature_extraction,imagenet,0.021198799988875788,6.958399708689574e-05,58,512,29696
breastcancoimbra,7,hscore,imagenet,0.067201520036906,0.004351551790992876,58,512,29696
breastcancoimbra,7,transrate,imagenet,0.009742760006338358,0.0006394475042564835,58,512,29696
breastcancoimbra,7,feature_extraction,random,0.02259556669741869,0.0006217834840863046,58,512,29696
breastcancoimbra,7,hscore,random,0.07277372004464269,0.0038131903640836336,58,512,29696
breastcancoimbra,7,transrate,random,0.009830660093575716,0.0009734157372916339,58,512,29696
breastcancoimbra,8,complexity_22,raw_tabular,0.016289633388320606,0.0034092775389057907,58,9,522
breastcancoimbra,8,complexity_l2,raw_tabular,0.0004882335973282655,6.9962599074234705e-06,58,9,522
breastcancoimbra,8,complexity_density,raw_tabular,0.0009837332181632519,8.02937668802141e-06,58,9,522
breastcancoimbra,8,encoding,shared,0.023692533373832703,0.00011902120845654473,58,9,522
breastcancoimbra,8,feature_extraction,imagenet,0.027236400016893942,0.003873575205799104,58,512,29696
breastcancoimbra,8,hscore,imagenet,0.05696165999397636,0.0030498853974743286,58,512,29696
breastcancoimbra,8,transrate,imagenet,0.008455600123852491,0.00035871259640796546,58,512,29696
breastcancoimbra,8,feature_extraction,random,0.022936000333478052,0.0003249293615549262,58,512,29696
breastcancoimbra,8,hscore,random,0.05530909998342395,0.0010627984848558636,58,512,29696
breastcancoimbra,8,transrate,random,0.008558300044387578,0.0010861066184269593,58,512,29696
breastcancoimbra,9,complexity_22,raw_tabular,0.013087966634581486,0.00016651338637625458,58,9,522
breastcancoimbra,9,complexity_l2,raw_tabular,0.0006035335051516691,5.013567666271664e-06,58,9,522
breastcancoimbra,9,complexity_density,raw_tabular,0.0009703665661315123,1.1845203997897778e-05,58,9,522
breastcancoimbra,9,encoding,shared,0.02372813317924738,0.00015509788259801736,58,9,522
breastcancoimbra,9,feature_extraction,imagenet,0.021506733261048794,0.0001519516240806417,58,512,29696
breastcancoimbra,9,hscore,imagenet,0.05104970000684261,0.0009105902920760089,58,512,29696
breastcancoimbra,9,transrate,imagenet,0.007786620128899813,0.00016250592771004395,58,512,29696
breastcancoimbra,9,feature_extraction,random,0.02273563326646884,0.0014866441264627832,58,512,29696
breastcancoimbra,9,hscore,random,0.048981480021029714,0.0014539296958716022,58,512,29696
breastcancoimbra,9,transrate,random,0.010015360079705715,0.003259678128902776,58,512,29696
cryotherapy,0,complexity_22,raw_tabular,0.009931733521322409,5.5969799445687715e-05,45,6,270
cryotherapy,0,complexity_l2,raw_tabular,0.00047330015028516453,8.099785966113458e-06,45,6,270
cryotherapy,0,complexity_density,raw_tabular,0.0007431666987637678,6.949515700703093e-06,45,6,270
cryotherapy,0,encoding,shared,0.01885609996194641,0.00018610265424545992,45,6,270
cryotherapy,0,feature_extraction,imagenet,0.01594736675421397,8.33155353981648e-05,45,512,23040
cryotherapy,0,hscore,imagenet,0.05387549987062812,0.0027370551248145115,45,512,23040
cryotherapy,0,transrate,imagenet,0.007944000046700239,0.00028230004909422205,45,512,23040
cryotherapy,0,feature_extraction,random,0.016126700056095917,0.0003759621333578509,45,512,23040
cryotherapy,0,hscore,random,0.05026135994121432,0.00043193666961125697,45,512,23040
cryotherapy,0,transrate,random,0.010077739879488946,0.00268435798181551,45,512,23040
cryotherapy,1,complexity_22,raw_tabular,0.009885700109104315,0.0002208291268303166,45,6,270
cryotherapy,1,complexity_l2,raw_tabular,0.0004306334691743056,9.401496667708654e-06,45,6,270
cryotherapy,1,complexity_density,raw_tabular,0.0007380334039529165,9.104723223366766e-06,45,6,270
cryotherapy,1,encoding,shared,0.018674133345484734,0.000382392135307853,45,6,270
cryotherapy,1,feature_extraction,imagenet,0.016004566724101704,0.00013182331440718018,45,512,23040
cryotherapy,1,hscore,imagenet,0.04854721995070577,0.0017926051967042545,45,512,23040
cryotherapy,1,transrate,imagenet,0.007807720080018043,0.0002201843057726217,45,512,23040
cryotherapy,1,feature_extraction,random,0.01602889985466997,9.000355826226904e-05,45,512,23040
cryotherapy,1,hscore,random,0.0510521600022912,0.0011703511297819626,45,512,23040
cryotherapy,1,transrate,random,0.008026999980211258,0.0003783790353964778,45,512,23040
cryotherapy,2,complexity_22,raw_tabular,0.009845066660394272,7.677242502912176e-05,45,6,270
cryotherapy,2,complexity_l2,raw_tabular,0.0004461665327350299,8.845954352434562e-06,45,6,270
cryotherapy,2,complexity_density,raw_tabular,0.0007339664734899998,5.634519946282499e-06,45,6,270
cryotherapy,2,encoding,shared,0.01865223345036308,0.00032188070163878573,45,6,270
cryotherapy,2,feature_extraction,imagenet,0.01619656678910057,0.00040898232210986066,45,512,23040
cryotherapy,2,hscore,imagenet,0.05143651999533176,0.0020665191757074197,45,512,23040
cryotherapy,2,transrate,imagenet,0.010597379971295595,0.0026867244823486837,45,512,23040
cryotherapy,2,feature_extraction,random,0.016059933230280876,0.00018386467315236978,45,512,23040
cryotherapy,2,hscore,random,0.04949511997401714,0.0018790680227507431,45,512,23040
cryotherapy,2,transrate,random,0.00828949986025691,0.0009046755594351752,45,512,23040
cryotherapy,3,complexity_22,raw_tabular,0.0096668666228652,4.833026972369459e-05,45,6,270
cryotherapy,3,complexity_l2,raw_tabular,0.0004303666452566783,9.435727357495367e-06,45,6,270
cryotherapy,3,complexity_density,raw_tabular,0.0007393333750466505,8.52934722096596e-06,45,6,270
cryotherapy,3,encoding,shared,0.01853359987338384,0.0002961256230948567,45,6,270
cryotherapy,3,feature_extraction,imagenet,0.016260366886854172,0.0003952589588829386,45,512,23040
cryotherapy,3,hscore,imagenet,0.050256540067493916,0.0011571151983455498,45,512,23040
cryotherapy,3,transrate,imagenet,0.008046219870448113,0.0003775549240703918,45,512,23040
cryotherapy,3,feature_extraction,random,0.01609373341004054,0.00041046692866001267,45,512,23040
cryotherapy,3,hscore,random,0.04873159993439913,0.0011274709273459975,45,512,23040
cryotherapy,3,transrate,random,0.01137212011963129,0.005807091888627978,45,512,23040
cryotherapy,4,complexity_22,raw_tabular,0.009374100094040235,6.746050115566896e-05,45,6,270
cryotherapy,4,complexity_l2,raw_tabular,0.0004431667427221934,6.423896731581267e-06,45,6,270
cryotherapy,4,complexity_density,raw_tabular,0.0007229667777816454,3.725121828746821e-06,45,6,270
cryotherapy,4,encoding,shared,0.018905699873963993,0.0001793321013264133,45,6,270
cryotherapy,4,feature_extraction,imagenet,0.015861399937421083,4.9030701321012836e-05,45,512,23040
cryotherapy,4,hscore,imagenet,0.04797597993165255,0.00035481017782547483,45,512,23040
cryotherapy,4,transrate,imagenet,0.008245040103793145,0.0009128720569727411,45,512,23040
cryotherapy,4,feature_extraction,random,0.016002233295391004,6.971556009582996e-05,45,512,23040
cryotherapy,4,hscore,random,0.05064576007425785,0.00044151310334728335,45,512,23040
cryotherapy,4,transrate,random,0.013009880110621453,0.0036730158808268424,45,512,23040
cryotherapy,5,complexity_22,raw_tabular,0.009598499940087398,8.77578220779381e-05,45,6,270
cryotherapy,5,complexity_l2,raw_tabular,0.0004260667289296786,1.3721026814914924e-05,45,6,270
cryotherapy,5,complexity_density,raw_tabular,0.0007321001030504704,1.3737825478837184e-05,45,6,270
cryotherapy,5,encoding,shared,0.018162266661723454,0.00015242537557303188,45,6,270
cryotherapy,5,feature_extraction,imagenet,0.01598303330441316,4.8484826568123495e-05,45,512,23040
cryotherapy,5,hscore,imagenet,0.049874739907681945,0.0027943462213769997,45,512,23040
cryotherapy,5,transrate,imagenet,0.0077753598801791664,0.00011134494160704994,45,512,23040
cryotherapy,5,feature_extraction,random,0.016105800090978544,0.00012081902931428308,45,512,23040
cryotherapy,5,hscore,random,0.050759839918464424,0.0007582112289118969,45,512,23040
cryotherapy,5,transrate,random,0.008449659775942564,0.0006394682448752043,45,512,23040
cryotherapy,6,complexity_22,raw_tabular,0.010694800255199274,0.0014565340082908522,45,6,270
cryotherapy,6,complexity_l2,raw_tabular,0.0012884334040184815,0.00038551920188041925,45,6,270
cryotherapy,6,complexity_density,raw_tabular,0.001346966562171777,3.1055816768303754e-05,45,6,270
cryotherapy,6,encoding,shared,0.01875323336571455,0.00013276877812495028,45,6,270
cryotherapy,6,feature_extraction,imagenet,0.016267099883407354,0.0004924669413842958,45,512,23040
cryotherapy,6,hscore,imagenet,0.05250703990459442,0.0039023980439055555,45,512,23040
cryotherapy,6,transrate,imagenet,0.007732200063765049,9.145163286222426e-05,45,512,23040
cryotherapy,6,feature_extraction,random,0.019869999960064888,0.0029727957090990033,45,512,23040
cryotherapy,6,hscore,random,0.04868051987141371,0.0012698270891592209,45,512,23040
cryotherapy,6,transrate,random,0.008348719961941243,0.0008947820921594925,45,512,23040
cryotherapy,7,complexity_22,raw_tabular,0.009737666851530472,0.00015115043513432588,45,6,270
cryotherapy,7,complexity_l2,raw_tabular,0.0004402000146607558,2.8881293682256506e-06,45,6,270
cryotherapy,7,complexity_density,raw_tabular,0.0007540001533925533,2.652188957757866e-05,45,6,270
cryotherapy,7,encoding,shared,0.021555933480461437,0.0030239932200034863,45,6,270
cryotherapy,7,feature_extraction,imagenet,0.016190499998629093,0.0003375148487470272,45,512,23040
cryotherapy,7,hscore,imagenet,0.049618379957973954,0.0008823757543981096,45,512,23040
cryotherapy,7,transrate,imagenet,0.011253780033439399,0.005957244485418737,45,512,23040
cryotherapy,7,feature_extraction,random,0.01606220006942749,0.00011035994426109051,45,512,23040
cryotherapy,7,hscore,random,0.049588939920067784,0.0015834571837746972,45,512,23040
cryotherapy,7,transrate,random,0.00851977989077568,0.0008979660113846988,45,512,23040
cryotherapy,8,complexity_22,raw_tabular,0.009662533334145943,7.66755985736796e-05,45,6,270
cryotherapy,8,complexity_l2,raw_tabular,0.0004290334569911162,7.0552539656495055e-06,45,6,270
cryotherapy,8,complexity_density,raw_tabular,0.0007402333430945873,1.1805966266257796e-05,45,6,270
cryotherapy,8,encoding,shared,0.01874046664064129,1.3861757564036311e-05,45,6,270
cryotherapy,8,feature_extraction,imagenet,0.016222600049028795,0.0004141259768120571,45,512,23040
cryotherapy,8,hscore,imagenet,0.0477882600389421,0.0009027201650770387,45,512,23040
cryotherapy,8,transrate,imagenet,0.009327600058168174,0.0019881609851955533,45,512,23040
cryotherapy,8,feature_extraction,random,0.02212196650604407,0.0004829122685076611,45,512,23040
cryotherapy,8,hscore,random,0.04809129992499948,0.0010274305101984791,45,512,23040
cryotherapy,8,transrate,random,0.009663039818406105,0.0028479339544375273,45,512,23040
cryotherapy,9,complexity_22,raw_tabular,0.010127033417423567,0.0001799116202881943,45,6,270
cryotherapy,9,complexity_l2,raw_tabular,0.00044076672444740933,3.6707259913653374e-06,45,6,270
cryotherapy,9,complexity_density,raw_tabular,0.000737533438950777,1.3640571766455533e-05,45,6,270
cryotherapy,9,encoding,shared,0.018791400051365297,0.00012327805251164813,45,6,270
cryotherapy,9,feature_extraction,imagenet,0.016019766684621572,7.023498942272725e-05,45,512,23040
cryotherapy,9,hscore,imagenet,0.05010470002889633,0.0008817503899801427,45,512,23040
cryotherapy,9,transrate,imagenet,0.009916559979319572,0.003307351127866942,45,512,23040
cryotherapy,9,feature_extraction,random,0.016028366672496002,0.0001987352975381423,45,512,23040
cryotherapy,9,hscore,random,0.049819739907979964,0.0008905317506030276,45,512,23040
cryotherapy,9,transrate,random,0.009066459909081458,0.0019433177261491627,45,512,23040
german,0,complexity_22,raw_tabular,0.2586354667631288,0.002586723186594941,500,24,12000
german,0,complexity_l2,raw_tabular,0.0022755333532889685,0.00017594963293486845,500,24,12000
german,0,complexity_density,raw_tabular,0.019449966649214428,0.0003409417190928393,500,24,12000
german,0,encoding,shared,0.20104623337586722,0.0027278263438666665,500,24,12000
german,0,feature_extraction,imagenet,0.17986036697402596,0.002812261181055435,500,512,256000
german,0,hscore,imagenet,0.05813684007152915,0.001438103042314754,500,512,256000
german,0,transrate,imagenet,0.011620080098509789,0.0005512398726424904,500,512,256000
german,0,feature_extraction,random,0.17331080014506975,0.00013114609224115773,500,512,256000
german,0,hscore,random,0.05983767993748188,0.0013839671591261882,500,512,256000
german,0,transrate,random,0.011671900004148483,0.0007291590683924624,500,512,256000
german,1,complexity_22,raw_tabular,0.2615191664857169,0.0017464052572504103,500,24,12000
german,1,complexity_l2,raw_tabular,0.002172100047270457,0.00011744108568574652,500,24,12000
german,1,complexity_density,raw_tabular,0.019569266587495804,0.00020306558945307416,500,24,12000
german,1,encoding,shared,0.2038181332560877,0.005497064648357633,500,24,12000
german,1,feature_extraction,imagenet,0.17915279992545644,0.002711696120931437,500,512,256000
german,1,hscore,imagenet,0.05577552001923323,0.001898337317178576,500,512,256000
german,1,transrate,imagenet,0.012042079959064722,0.0020250774127414132,500,512,256000
german,1,feature_extraction,random,0.17388843356942138,0.0020875303084824676,500,512,256000
german,1,hscore,random,0.058792379964143035,0.00035303071650904426,500,512,256000
german,1,transrate,random,0.011815839912742376,0.0004276353721200318,500,512,256000
german,2,complexity_22,raw_tabular,0.2605927668822308,0.001289916972138858,500,24,12000
german,2,complexity_l2,raw_tabular,0.0020625999507804713,1.102288282808831e-05,500,24,12000
german,2,complexity_density,raw_tabular,0.019961733215798933,0.00035455942990712157,500,24,12000
german,2,encoding,shared,0.20261416661863527,0.004522788346626927,500,24,12000
german,2,feature_extraction,imagenet,0.175134500178198,0.0011990206829661728,500,512,256000
german,2,hscore,imagenet,0.05722327996045351,0.0016603500370494435,500,512,256000
german,2,transrate,imagenet,0.011680860072374344,0.0011091048352750267,500,512,256000
german,2,feature_extraction,random,0.17908853323509297,0.004387736234727693,500,512,256000
german,2,hscore,random,0.05849672006443143,0.0007569044766902041,500,512,256000
german,2,transrate,random,0.013245479948818684,0.00238790852613419,500,512,256000
german,3,complexity_22,raw_tabular,0.26167413343985874,0.002024942471110924,500,24,12000
german,3,complexity_l2,raw_tabular,0.0021265999724467597,7.321649230157834e-05,500,24,12000
german,3,complexity_density,raw_tabular,0.02048070014764865,0.0010890445356450573,500,24,12000
german,3,encoding,shared,0.19705946696922183,0.002834090007819972,500,24,12000
german,3,feature_extraction,imagenet,0.18404616663853327,0.006823410916586516,500,512,256000
german,3,hscore,imagenet,0.05662652002647519,0.0012347793969777572,500,512,256000
german,3,transrate,imagenet,0.012934139929711819,0.002333694576017492,500,512,256000
german,3,feature_extraction,random,0.18198869998256365,0.004588147985875267,500,512,256000
german,3,hscore,random,0.05870505990460515,0.0015489178084447854,500,512,256000
german,3,transrate,random,0.011092459876090288,0.00040521293229862806,500,512,256000
german,4,complexity_22,raw_tabular,0.26229613336424035,0.0008422820576382174,500,24,12000
german,4,complexity_l2,raw_tabular,0.0027925665490329266,0.00010544259539935961,500,24,12000
german,4,complexity_density,raw_tabular,0.019851966605832178,0.00011597011964620327,500,24,12000
german,4,encoding,shared,0.19526319981863102,0.0019515012679880794,500,24,12000
german,4,feature_extraction,imagenet,0.17794926650822163,0.003888114473342351,500,512,256000
german,4,hscore,imagenet,0.05674827992916107,0.000744466433519202,500,512,256000
german,4,transrate,imagenet,0.011916760168969632,0.0011034934016875219,500,512,256000
german,4,feature_extraction,random,0.1816288665868342,0.00874668901224605,500,512,256000
german,4,hscore,random,0.058224939927458766,0.0006066357417561573,500,512,256000
german,4,transrate,random,0.011038860119879246,0.0006239979175367225,500,512,256000
german,5,complexity_22,raw_tabular,0.2606872332592805,0.0010862355398933061,500,24,12000
german,5,complexity_l2,raw_tabular,0.001965966851760944,0.00011011544988605938,500,24,12000
german,5,complexity_density,raw_tabular,0.019567033275961876,0.0005099974719377815,500,24,12000
german,5,encoding,shared,0.2003905000165105,0.0013730437699207235,500,24,12000
german,5,feature_extraction,imagenet,0.18747510000442466,0.008713489211397757,500,512,256000
german,5,hscore,imagenet,0.055883320048451424,0.0007107413948159437,500,512,256000
german,5,transrate,imagenet,0.011041919980198146,0.0007819347015333894,500,512,256000
german,5,feature_extraction,random,0.17679626680910587,0.0038625190657342015,500,512,256000
german,5,hscore,random,0.057119520101696256,0.001176696831877187,500,512,256000
german,5,transrate,random,0.01080884002149105,0.0005018302616292573,500,512,256000
german,6,complexity_22,raw_tabular,0.25983323343098164,0.0020607665161338153,500,24,12000
german,6,complexity_l2,raw_tabular,0.002230266574770212,0.00010294241284953164,500,24,12000
german,6,complexity_density,raw_tabular,0.020145466551184654,0.00047593139665265736,500,24,12000
german,6,encoding,shared,0.1932167666964233,0.0015234995224219438,500,24,12000
german,6,feature_extraction,imagenet,0.18333099984253445,0.011208888786623504,500,512,256000
german,6,hscore,imagenet,0.058351659867912534,0.0006823713479978772,500,512,256000
german,6,transrate,imagenet,0.01368656000122428,0.0027214196012689484,500,512,256000
german,6,feature_extraction,random,0.17456433347736797,0.0018073935078577682,500,512,256000
german,6,hscore,random,0.060352680180221795,0.0009538780427872918,500,512,256000
german,6,transrate,random,0.012406380008906126,0.0003190692781655758,500,512,256000
german,7,complexity_22,raw_tabular,0.25731473322957754,0.00128233214138071,500,24,12000
german,7,complexity_l2,raw_tabular,0.0019937998925646148,0.00011824598694514832,500,24,12000
german,7,complexity_density,raw_tabular,0.020291633438318968,0.0004524444612496668,500,24,12000
german,7,encoding,shared,0.20108166662976146,0.0018802385083156567,500,24,12000
german,7,feature_extraction,imagenet,0.17850330006331205,0.005176496455104518,500,512,256000
german,7,hscore,imagenet,0.059122040029615165,0.0012639948242024613,500,512,256000
german,7,transrate,imagenet,0.013519859779626131,0.0008572327078167235,500,512,256000
german,7,feature_extraction,random,0.18078623324011764,0.003706383408243959,500,512,256000
german,7,hscore,random,0.058054839912801984,0.0006138202454535011,500,512,256000
german,7,transrate,random,0.012341940123587847,0.0012205259623119082,500,512,256000
german,8,complexity_22,raw_tabular,0.2599529332170884,0.0027764063068945544,500,24,12000
german,8,complexity_l2,raw_tabular,0.0021106332230071225,1.911807124983958e-05,500,24,12000
german,8,complexity_density,raw_tabular,0.019635933296134073,0.00010145413055706694,500,24,12000
german,8,encoding,shared,0.19773246673867106,0.002970517800761401,500,24,12000
german,8,feature_extraction,imagenet,0.1754829998438557,0.0016620115940754545,500,512,256000
german,8,hscore,imagenet,0.05645022001117468,0.0013559500126224995,500,512,256000
german,8,transrate,imagenet,0.011711559910327195,0.0006482999109905243,500,512,256000
german,8,feature_extraction,random,0.1738926333685716,0.0011696923871359407,500,512,256000
german,8,hscore,random,0.05826941980049014,0.0011199503597683878,500,512,256000
german,8,transrate,random,0.012299839965999126,0.0005372442281888026,500,512,256000
german,9,complexity_22,raw_tabular,0.25998893349121016,0.0015811387454520097,500,24,12000
german,9,complexity_l2,raw_tabular,0.0022061999576787152,0.00011162929294325109,500,24,12000
german,9,complexity_density,raw_tabular,0.01999523350968957,5.370881508826499e-05,500,24,12000
german,9,encoding,shared,0.1981857668918868,0.0019136563997805927,500,24,12000
german,9,feature_extraction,imagenet,0.1891479332310458,0.0106601272609279,500,512,256000
german,9,hscore,imagenet,0.05682506021112203,0.0017553832360111972,500,512,256000
german,9,transrate,imagenet,0.010990619938820601,0.0009118553384533642,500,512,256000
german,9,feature_extraction,random,0.17517083324491978,0.0009277537617593348,500,512,256000
german,9,hscore,random,0.061241260077804324,0.001587369898682282,500,512,256000
german,9,transrate,random,0.014463699888437986,0.002996201052688127,500,512,256000
haberman,0,complexity_22,raw_tabular,0.025232333379487198,9.611124937755531e-05,153,3,459
haberman,0,complexity_l2,raw_tabular,0.00044249991575876874,8.940965294818076e-06,153,3,459
haberman,0,complexity_density,raw_tabular,0.002668266805509726,0.00020407584159263148,153,3,459
haberman,0,encoding,shared,0.05808303318917751,0.0009625733044395878,153,3,459
haberman,0,feature_extraction,imagenet,0.05453636683523655,0.00015579182082135992,153,512,78336
haberman,0,hscore,imagenet,0.04770367993041873,0.0011707812293957525,153,512,78336
haberman,0,transrate,imagenet,0.008962220046669245,0.002328747024270427,153,512,78336
haberman,0,feature_extraction,random,0.05463743334015211,0.00017102657405226824,153,512,78336
haberman,0,hscore,random,0.04896799996495247,0.0015074442952715261,153,512,78336
haberman,0,transrate,random,0.00861884020268917,0.0006109775372136224,153,512,78336
haberman,1,complexity_22,raw_tabular,0.025732000047961872,0.00012057423424073435,153,3,459
haberman,1,complexity_l2,raw_tabular,0.00046043330803513527,1.902061654856899e-05,153,3,459
haberman,1,complexity_density,raw_tabular,0.002549833462884029,1.0138213530254308e-05,153,3,459
haberman,1,encoding,shared,0.05801156675443053,0.000651134702518188,153,3,459
haberman,1,feature_extraction,imagenet,0.05458213326831659,0.0005157346768940825,153,512,78336
haberman,1,hscore,imagenet,0.04764973996207118,0.0003602080460505208,153,512,78336
haberman,1,transrate,imagenet,0.011050540022552013,0.004587707293011814,153,512,78336
haberman,1,feature_extraction,random,0.054548833363999925,0.00045047798129058114,153,512,78336
haberman,1,hscore,random,0.047334139980375764,0.000916591766704209,153,512,78336
haberman,1,transrate,random,0.009257819969207048,0.0020517616916779463,153,512,78336
haberman,2,complexity_22,raw_tabular,0.024951833300292492,0.00024359535324703055,153,3,459
haberman,2,complexity_l2,raw_tabular,0.0004339666726688544,7.734828377517498e-06,153,3,459
haberman,2,complexity_density,raw_tabular,0.002550299900273482,1.6519168312815795e-05,153,3,459
haberman,2,encoding,shared,0.057372566778212786,0.0009241491184119799,153,3,459
haberman,2,feature_extraction,imagenet,0.05534889983634154,0.0015202803130535045,153,512,78336
haberman,2,hscore,imagenet,0.04799685999751091,0.0022112418742052478,153,512,78336
haberman,2,transrate,imagenet,0.00867474004626274,0.0005007989695206302,153,512,78336
haberman,2,feature_extraction,random,0.05443326678747932,6.562772138577842e-05,153,512,78336
haberman,2,hscore,random,0.046989019960165024,0.0007471486532963268,153,512,78336
haberman,2,transrate,random,0.01104762004688382,0.003516285537849162,153,512,78336
haberman,3,complexity_22,raw_tabular,0.026842933303366106,0.0006905067128286561,153,3,459
haberman,3,complexity_l2,raw_tabular,0.0005574001309772333,5.492400078926285e-05,153,3,459
haberman,3,complexity_density,raw_tabular,0.0025879667761425176,1.830047660933166e-05,153,3,459
haberman,3,encoding,shared,0.057615100095669426,0.0011707458546777896,153,3,459
haberman,3,feature_extraction,imagenet,0.054627866484224796,0.0003305053012482618,153,512,78336
haberman,3,hscore,imagenet,0.0491492198780179,0.0011266041573696297,153,512,78336
haberman,3,transrate,imagenet,0.009523340035229921,0.001484527078608412,153,512,78336
haberman,3,feature_extraction,random,0.054295333568006754,9.123575959160248e-05,153,512,78336
haberman,3,hscore,random,0.04974884008988738,0.0009258880376534029,153,512,78336
haberman,3,transrate,random,0.009381499793380498,0.001576481510054055,153,512,78336
haberman,4,complexity_22,raw_tabular,0.025563866676141817,0.0003744430448031629,153,3,459
haberman,4,complexity_l2,raw_tabular,0.00043990012879172963,1.6990715232763516e-05,153,3,459
haberman,4,complexity_density,raw_tabular,0.002503900167842706,1.582810127703031e-05,153,3,459
haberman,4,encoding,shared,0.05756089991579453,0.0004661316322448977,153,3,459
haberman,4,feature_extraction,imagenet,0.05875273343796531,0.00630687200128989,153,512,78336
haberman,4,hscore,imagenet,0.0475611599162221,0.0010470766232834917,153,512,78336
haberman,4,transrate,imagenet,0.009753540065139532,0.0015467853342441393,153,512,78336
haberman,4,feature_extraction,random,0.05458849994465709,0.0005994007091685717,153,512,78336
haberman,4,hscore,random,0.047148219868540765,0.0007625788416339566,153,512,78336
haberman,4,transrate,random,0.011499579902738333,0.003195682908142269,153,512,78336
haberman,5,complexity_22,raw_tabular,0.0255578332580626,0.00021469889556706488,153,3,459
haberman,5,complexity_l2,raw_tabular,0.00044263340532779694,6.450436878086119e-06,153,3,459
haberman,5,complexity_density,raw_tabular,0.002504166681319475,8.227016872518798e-06,153,3,459
haberman,5,encoding,shared,0.05816870012010137,0.0009406566964609794,153,3,459
haberman,5,feature_extraction,imagenet,0.05545429994041721,0.0017345255409449646,153,512,78336
haberman,5,hscore,imagenet,0.047913919854909184,0.0008523098120931337,153,512,78336
haberman,5,transrate,imagenet,0.008846219908446074,0.0008177870781898376,153,512,78336
haberman,5,feature_extraction,random,0.05428163334727287,0.0001962419826370637,153,512,78336
haberman,5,hscore,random,0.049602320045232774,0.0012997712036072698,153,512,78336
haberman,5,transrate,random,0.00876284008845687,0.0004533610698742163,153,512,78336
haberman,6,complexity_22,raw_tabular,0.025977000128477812,0.00029919478184598137,153,3,459
haberman,6,complexity_l2,raw_tabular,0.000431233240912358,8.96871083080946e-06,153,3,459
haberman,6,complexity_density,raw_tabular,0.0025488665948311486,6.6694598078564924e-06,153,3,459
haberman,6,encoding,shared,0.05780403331543008,0.0014343728633315505,153,3,459
haberman,6,feature_extraction,imagenet,0.05422373333324989,7.350967626794971e-05,153,512,78336
haberman,6,hscore,imagenet,0.047762139979749915,0.0008763617131116732,153,512,78336
haberman,6,transrate,imagenet,0.008793379925191403,0.0006779792271727429,153,512,78336
haberman,6,feature_extraction,random,0.05792889976873994,0.0031295398969864593,153,512,78336
haberman,6,hscore,random,0.050044359918683765,0.0020992523314653073,153,512,78336
haberman,6,transrate,random,0.008652939926832914,0.0006646017823038563,153,512,78336
haberman,7,complexity_22,raw_tabular,0.02514879995336135,0.00023364778908769912,153,3,459
haberman,7,complexity_l2,raw_tabular,0.000435766763985157,1.3310836961613533e-05,153,3,459
haberman,7,complexity_density,raw_tabular,0.0025277001162370047,1.7890219498487586e-05,153,3,459
haberman,7,encoding,shared,0.05688803317025304,0.00027428770407177886,153,3,459
haberman,7,feature_extraction,imagenet,0.05440810012320677,7.165841421082555e-05,153,512,78336
haberman,7,hscore,imagenet,0.04836551994085312,0.0007012946612631521,153,512,78336
haberman,7,transrate,imagenet,0.008608280122280121,0.0009605090159270645,153,512,78336
haberman,7,feature_extraction,random,0.0543031330841283,1.3726473731704938e-05,153,512,78336
haberman,7,hscore,random,0.04795286003500223,0.0019241273739989552,153,512,78336
haberman,7,transrate,random,0.009364799968898297,0.0009949654893093218,153,512,78336
haberman,8,complexity_22,raw_tabular,0.025274166526893776,0.0001948601896767254,153,3,459
haberman,8,complexity_l2,raw_tabular,0.00044986667732397717,1.761723149103973e-05,153,3,459
haberman,8,complexity_density,raw_tabular,0.0025324000356098018,1.7074604062020845e-05,153,3,459
haberman,8,encoding,shared,0.05758699976528684,0.0009074860405420882,153,3,459
haberman,8,feature_extraction,imagenet,0.054403533382962145,0.00038962455901326546,153,512,78336
haberman,8,hscore,imagenet,0.04881296018138528,0.0008134354549995321,153,512,78336
haberman,8,transrate,imagenet,0.010649139992892742,0.00416629854590139,153,512,78336
haberman,8,feature_extraction,random,0.05440983331451813,0.0002660708389845238,153,512,78336
haberman,8,hscore,random,0.049549759831279516,0.002393486424140548,153,512,78336
haberman,8,transrate,random,0.008593600057065488,0.0008515810818407795,153,512,78336
haberman,9,complexity_22,raw_tabular,0.02551433335368832,0.0002300776464850357,153,3,459
haberman,9,complexity_l2,raw_tabular,0.0004225997254252434,1.1625348374190648e-05,153,3,459
haberman,9,complexity_density,raw_tabular,0.002551433319846789,2.9947916718966116e-06,153,3,459
haberman,9,encoding,shared,0.05773066667219003,0.0006877391582104776,153,3,459
haberman,9,feature_extraction,imagenet,0.06095563340932131,0.00650044999313693,153,512,78336
haberman,9,hscore,imagenet,0.04732694001868367,0.0011364758678094973,153,512,78336
haberman,9,transrate,imagenet,0.009926160052418708,0.003241814930782027,153,512,78336
haberman,9,feature_extraction,random,0.05455669993534684,0.0002679123696027888,153,512,78336
haberman,9,hscore,random,0.04734399998560548,0.0012688642590039084,153,512,78336
haberman,9,transrate,random,0.008621720038354397,0.0007559124607691187,153,512,78336
heart,0,complexity_22,raw_tabular,0.029929466700802248,7.617970276515419e-05,135,13,1755
heart,0,complexity_l2,raw_tabular,0.0006003665427366892,1.6289827395029192e-05,135,13,1755
heart,0,complexity_density,raw_tabular,0.002521099833150705,3.891174576333034e-06,135,13,1755
heart,0,encoding,shared,0.05308253333593408,0.0002282113148356525,135,13,1755
heart,0,feature_extraction,imagenet,0.04679016675800085,0.00015591331526108857,135,512,69120
heart,0,hscore,imagenet,0.04955831989645958,0.0024876636359734954,135,512,69120
heart,0,transrate,imagenet,0.010408420022577048,0.001660789702936221,135,512,69120
heart,0,feature_extraction,random,0.0494287001589934,0.0020727791185677826,135,512,69120
heart,0,hscore,random,0.0469085599295795,0.0006491305281827645,135,512,69120
heart,0,transrate,random,0.01024274006485939,0.003052638764138759,135,512,69120
heart,1,complexity_22,raw_tabular,0.030056833444784086,0.00024893841248173343,135,13,1755
heart,1,complexity_l2,raw_tabular,0.0005984998618563017,3.3238156876448666e-06,135,13,1755
heart,1,complexity_density,raw_tabular,0.0025797332637012005,2.430509907750184e-05,135,13,1755
heart,1,encoding,shared,0.05486236667881409,0.0014754115509649458,135,13,1755
heart,1,feature_extraction,imagenet,0.04927683326726159,0.003701228030559199,135,512,69120
heart,1,hscore,imagenet,0.053457519970834255,0.002922902067344073,135,512,69120
heart,1,transrate,imagenet,0.00869795996695757,0.0010376377222026587,135,512,69120
heart,1,feature_extraction,random,0.04670096685489019,0.00013887010203124286,135,512,69120
heart,1,hscore,random,0.05077149998396635,0.0014457799930168136,135,512,69120
heart,1,transrate,random,0.00818160017952323,0.0007376427961480636,135,512,69120
heart,2,complexity_22,raw_tabular,0.03043809998780489,0.00024240054743495504,135,13,1755
heart,2,complexity_l2,raw_tabular,0.0006340999777118365,1.9335410604200567e-05,135,13,1755
heart,2,complexity_density,raw_tabular,0.002533066707352797,1.3362530329377976e-05,135,13,1755
heart,2,encoding,shared,0.05319656648983558,0.0007554380201691533,135,13,1755
heart,2,feature_extraction,imagenet,0.04674706654623151,0.00016393969864068972,135,512,69120
heart,2,hscore,imagenet,0.04886007998138666,0.0018064964600146777,135,512,69120
heart,2,transrate,imagenet,0.009944860078394412,0.002996898401444346,135,512,69120
heart,2,feature_extraction,random,0.05029196649168929,0.005278065364045003,135,512,69120
heart,2,hscore,random,0.047120879869908094,0.0010398905447821414,135,512,69120
heart,2,transrate,random,0.00819674003869295,0.0008263728431521226,135,512,69120
heart,3,complexity_22,raw_tabular,0.029812533408403397,0.00020479786322877278,135,13,1755
heart,3,complexity_l2,raw_tabular,0.0005978333453337351,4.294410298637709e-06,135,13,1755
heart,3,complexity_density,raw_tabular,0.002513566675285498,2.610787960729681e-05,135,13,1755
heart,3,encoding,shared,0.0549234333448112,0.000997285189652447,135,13,1755
heart,3,feature_extraction,imagenet,0.04919536675636967,0.003040811343904675,135,512,69120
heart,3,hscore,imagenet,0.04746098006144166,0.0013352515128658108,135,512,69120
heart,3,transrate,imagenet,0.00819908007979393,0.0004998864336386959,135,512,69120
heart,3,feature_extraction,random,0.04676449981828531,0.0005125641885974903,135,512,69120
heart,3,hscore,random,0.04760453999042511,0.0011020065833952267,135,512,69120
heart,3,transrate,random,0.007711459975689649,0.00025958098758169934,135,512,69120
heart,4,complexity_22,raw_tabular,0.02978163321192066,0.0011950343551086508,135,13,1755
heart,4,complexity_l2,raw_tabular,0.0006171334534883499,1.3385631984208264e-05,135,13,1755
heart,4,complexity_density,raw_tabular,0.0024830332646767297,1.1761785687262391e-05,135,13,1755
heart,4,encoding,shared,0.05441413323084513,0.0005107850813196855,135,13,1755
heart,4,feature_extraction,imagenet,0.04677809992184242,4.5217521701680084e-05,135,512,69120
heart,4,hscore,imagenet,0.047559540066868064,0.0005572540651968406,135,512,69120
heart,4,transrate,imagenet,0.008354320004582406,0.0010361876344685535,135,512,69120
heart,4,feature_extraction,random,0.04960006677235166,0.001927972156412602,135,512,69120
heart,4,hscore,random,0.049530480057001114,0.00414762759819635,135,512,69120
heart,4,transrate,random,0.010736339911818504,0.003734052242947675,135,512,69120
heart,5,complexity_22,raw_tabular,0.029986600081125896,0.0001231934901689444,135,13,1755
heart,5,complexity_l2,raw_tabular,0.0006527000417311987,1.1471779835658797e-05,135,13,1755
heart,5,complexity_density,raw_tabular,0.0025654666436215243,6.500078650502093e-06,135,13,1755
heart,5,encoding,shared,0.053972533283134304,0.0008481780509351687,135,13,1755
heart,5,feature_extraction,imagenet,0.04694713341693083,0.00037705137202946295,135,512,69120
heart,5,hscore,imagenet,0.0469853799790144,0.0007158011463233862,135,512,69120
heart,5,transrate,imagenet,0.007807880081236363,0.0005693138252272928,135,512,69120
heart,5,feature_extraction,random,0.04906569995606939,0.0019220391386069052,135,512,69120
heart,5,hscore,random,0.04743752023205161,0.0007091395352863217,135,512,69120
heart,5,transrate,random,0.009042260050773621,0.00202888634301313,135,512,69120
heart,6,complexity_22,raw_tabular,0.02977193317686518,9.400724585915099e-05,135,13,1755
heart,6,complexity_l2,raw_tabular,0.0006119332586725553,2.5037392308792165e-06,135,13,1755
heart,6,complexity_density,raw_tabular,0.002614933531731367,0.00010126327918310788,135,13,1755
heart,6,encoding,shared,0.054517433512955904,0.001328436600325946,135,13,1755
heart,6,feature_extraction,imagenet,0.04658316681161523,0.0001826498928541861,135,512,69120
heart,6,hscore,imagenet,0.04807391995564103,0.0012867295924687881,135,512,69120
heart,6,transrate,imagenet,0.007899879850447178,0.0007238675431588664,135,512,69120
heart,6,feature_extraction,random,0.047001666855067015,0.00037005018549478926,135,512,69120
heart,6,hscore,random,0.046752739883959296,0.000584391942976211,135,512,69120
heart,6,transrate,random,0.010653620213270187,0.0036880611522367274,135,512,69120
heart,7,complexity_22,raw_tabular,0.029761099877456825,0.00020890628201755874,135,13,1755
heart,7,complexity_l2,raw_tabular,0.0006212334459026655,9.108252426306083e-06,135,13,1755
heart,7,complexity_density,raw_tabular,0.0025194667590161166,3.0869133458462868e-06,135,13,1755
heart,7,encoding,shared,0.05367866655190786,0.00033477372811496536,135,13,1755
heart,7,feature_extraction,imagenet,0.04672450013458729,0.00026370537214823826,135,512,69120
heart,7,hscore,imagenet,0.04714223993942142,0.0002306067095084002,135,512,69120
heart,7,transrate,imagenet,0.00979598006233573,0.002573102799990464,135,512,69120
heart,7,feature_extraction,random,0.046741066655764975,0.00011786146597643893,135,512,69120
heart,7,hscore,random,0.046508099883794785,0.00038793344829099084,135,512,69120
heart,7,transrate,random,0.009956240095198155,0.0026656409447101677,135,512,69120
heart,8,complexity_22,raw_tabular,0.029736433333406847,0.00013540243538815106,135,13,1755
heart,8,complexity_l2,raw_tabular,0.0006152000278234482,1.5940866334038616e-05,135,13,1755
heart,8,complexity_density,raw_tabular,0.0027092333572606244,0.000142828801248699,135,13,1755
heart,8,encoding,shared,0.05351446662098169,0.000690531222499225,135,13,1755
heart,8,feature_extraction,imagenet,0.04676406675328811,0.00017018900254616486,135,512,69120
heart,8,hscore,imagenet,0.0500153798609972,0.0010226171778866583,135,512,69120
heart,8,transrate,imagenet,0.00847246004268527,0.0007240349836956327,135,512,69120
heart,8,feature_extraction,random,0.048529166573037706,0.002844178220907214,135,512,69120
heart,8,hscore,random,0.04831054015085101,0.0012661487909292077,135,512,69120
heart,8,transrate,random,0.007779019977897405,0.0002646409984433978,135,512,69120
heart,9,complexity_22,raw_tabular,0.029726733298351366,0.00018489322136716176,135,13,1755
heart,9,complexity_l2,raw_tabular,0.0005679000169038773,8.405260853172562e-06,135,13,1755
heart,9,complexity_density,raw_tabular,0.002507466667642196,1.521180723940516e-05,135,13,1755
heart,9,encoding,shared,0.054484066708634295,0.0004790485938266219,135,13,1755
heart,9,feature_extraction,imagenet,0.05189510015770793,0.004036069415660466,135,512,69120
heart,9,hscore,imagenet,0.04755749991163612,0.0012665773233822507,135,512,69120
heart,9,transrate,imagenet,0.007800879888236523,0.00023225756683597904,135,512,69120
heart,9,feature_extraction,random,0.04780489997938275,0.0014496573975887846,135,512,69120
heart,9,hscore,random,0.04746987977996468,0.001084985669789957,135,512,69120
heart,9,transrate,random,0.007962740119546651,0.0002875321103524689,135,512,69120
ionosphere,0,complexity_22,raw_tabular,0.0755169332648317,0.0007040713846627127,175,34,5950
ionosphere,0,complexity_l2,raw_tabular,0.0007269334358473619,2.8943136788285665e-05,175,34,5950
ionosphere,0,complexity_density,raw_tabular,0.004371499953170617,6.533513948520933e-06,175,34,5950
ionosphere,0,encoding,shared,0.07154890010133386,0.0006545934203902748,175,34,5950
ionosphere,0,feature_extraction,imagenet,0.0629931000682215,0.0036476728028528487,175,512,89600
ionosphere,0,hscore,imagenet,0.04900056002661586,0.0017821786885645655,175,512,89600
ionosphere,0,transrate,imagenet,0.008545459993183614,0.0009615252902964545,175,512,89600
ionosphere,0,feature_extraction,random,0.061277500043312706,0.0010921475623719122,175,512,89600
ionosphere,0,hscore,random,0.04752538008615374,0.0005135346007998113,175,512,89600
ionosphere,0,transrate,random,0.010151179879903794,0.0038648618234985075,175,512,89600
ionosphere,1,complexity_22,raw_tabular,0.07659269993503888,0.0021439204436229176,176,34,5984
ionosphere,1,complexity_l2,raw_tabular,0.0007172001836200556,2.091511001007408e-05,176,34,5984
ionosphere,1,complexity_density,raw_tabular,0.004400600058337052,3.240359096699731e-06,176,34,5984
ionosphere,1,encoding,shared,0.07116190002610286,0.0008393607120179759,176,34,5984
ionosphere,1,feature_extraction,imagenet,0.06394779992600282,0.0026349161629018385,176,512,90112
ionosphere,1,hscore,imagenet,0.046151399984955786,0.0005779292466760391,176,512,90112
ionosphere,1,transrate,imagenet,0.008028559945523739,0.00046708764834584596,176,512,90112
ionosphere,1,feature_extraction,random,0.061986533304055534,0.0017536442046550465,176,512,90112
ionosphere,1,hscore,random,0.048473540041595695,0.0013855400704846704,176,512,90112
ionosphere,1,transrate,random,0.010074499901384116,0.0033299866429053683,176,512,90112
ionosphere,2,complexity_22,raw_tabular,0.0760882666024069,0.0016169756032949265,175,34,5950
ionosphere,2,complexity_l2,raw_tabular,0.0006760000251233578,2.619499228754067e-05,175,34,5950
ionosphere,2,complexity_density,raw_tabular,0.004363600009431441,2.8888757188063086e-05,175,34,5950
ionosphere,2,encoding,shared,0.06975323318814237,0.0006513216285944034,175,34,5950
ionosphere,2,feature_extraction,imagenet,0.06458139978349209,0.0032337897721260904,175,512,89600
ionosphere,2,hscore,imagenet,0.047833160124719144,0.0019270597687982437,175,512,89600
ionosphere,2,transrate,imagenet,0.008217559847980737,0.0010082503743472314,175,512,89600
ionosphere,2,feature_extraction,random,0.06996053317561746,0.004827451856533626,175,512,89600
ionosphere,2,hscore,random,0.04737179977819324,0.0006980329733053957,175,512,89600
ionosphere,2,transrate,random,0.008524039853364229,0.0005963415142853663,175,512,89600
ionosphere,3,complexity_22,raw_tabular,0.07653886669625838,0.000560337724907587,176,34,5984
ionosphere,3,complexity_l2,raw_tabular,0.0006976999963323275,1.7084702531120366e-05,176,34,5984
ionosphere,3,complexity_density,raw_tabular,0.004387333368261655,3.4319426963969674e-05,176,34,5984
ionosphere,3,encoding,shared,0.07126383328189452,0.0003694290482661029,176,34,5984
ionosphere,3,feature_extraction,imagenet,0.062161866730699934,0.001302363959544094,176,512,90112
ionosphere,3,hscore,imagenet,0.04776438008993864,0.0011715244075961194,176,512,90112
ionosphere,3,transrate,imagenet,0.008172359969466924,0.00017374266823444662,176,512,90112
ionosphere,3,feature_extraction,random,0.06670496659353375,0.004699353471895219,176,512,90112
ionosphere,3,hscore,random,0.04775475990027189,0.0009178065769524221,176,512,90112
ionosphere,3,transrate,random,0.008223760034888982,0.0004717290860362649,176,512,90112
ionosphere,4,complexity_22,raw_tabular,0.07548303343355656,0.0012304291094729209,175,34,5950
ionosphere,4,complexity_l2,raw_tabular,0.0007345333384970824,1.310338083939539e-05,175,34,5950
ionosphere,4,complexity_density,raw_tabular,0.004337599966675043,2.1107710035332887e-05,175,34,5950
ionosphere,4,encoding,shared,0.0676731332205236,0.0007201231219468008,175,34,5950
ionosphere,4,feature_extraction,imagenet,0.0637102333518366,0.0032749301949915994,175,512,89600
ionosphere,4,hscore,imagenet,0.04722767993807793,0.0010140908944781192,175,512,89600
ionosphere,4,transrate,imagenet,0.010007400065660477,0.003091846972076498,175,512,89600
ionosphere,4,feature_extraction,random,0.06522686655322711,0.0035423939291411456,175,512,89600
ionosphere,4,hscore,random,0.04823877988383174,0.0018119021135903385,175,512,89600
ionosphere,4,transrate,random,0.008218000084161759,0.0007309840561399446,175,512,89600
ionosphere,5,complexity_22,raw_tabular,0.07709253315503399,0.0013073672699307833,176,34,5984
ionosphere,5,complexity_l2,raw_tabular,0.0006643999367952347,9.346728326497287e-06,176,34,5984
ionosphere,5,complexity_density,raw_tabular,0.004420966686060031,5.859834581911142e-05,176,34,5984
ionosphere,5,encoding,shared,0.07203266660993297,0.0017352859910665485,176,34,5984
ionosphere,5,feature_extraction,imagenet,0.06850299999738733,0.005489788753115798,176,512,90112
ionosphere,5,hscore,imagenet,0.049783120024949314,0.00016637158455530123,176,512,90112
ionosphere,5,transrate,imagenet,0.008546099904924631,0.0010272828722838203,176,512,90112
ionosphere,5,feature_extraction,random,0.06099863334869345,9.275975402228975e-05,176,512,90112
ionosphere,5,hscore,random,0.0458491399884224,0.0006812522700520937,176,512,90112
ionosphere,5,transrate,random,0.008123059943318366,0.0005157890643466544,176,512,90112
ionosphere,6,complexity_22,raw_tabular,0.07532476649309199,0.0006706695865365206,175,34,5950
ionosphere,6,complexity_l2,raw_tabular,0.0007678666152060032,4.92752782535042e-05,175,34,5950
ionosphere,6,complexity_density,raw_tabular,0.004576333332806826,3.985681793148921e-05,175,34,5950
ionosphere,6,encoding,shared,0.07110063312575221,0.00039703401868476906,175,34,5950
ionosphere,6,feature_extraction,imagenet,0.06286563367272417,0.002963841172571008,175,512,89600
ionosphere,6,hscore,imagenet,0.04695976004004478,0.0006457376317780017,175,512,89600
ionosphere,6,transrate,imagenet,0.009581439942121506,0.003665080334585241,175,512,89600
ionosphere,6,feature_extraction,random,0.07183883354688685,0.004525870917574377,175,512,89600
ionosphere,6,hscore,random,0.047843279968947175,0.0013069640709955786,175,512,89600
ionosphere,6,transrate,random,0.009577000141143798,0.0017354525450853058,175,512,89600
ionosphere,7,complexity_22,raw_tabular,0.07738036646818121,4.7828295031344255e-05,176,34,5984
ionosphere,7,complexity_l2,raw_tabular,0.0006748000159859657,1.7140781979409264e-05,176,34,5984
ionosphere,7,complexity_density,raw_tabular,0.004413933337976535,0.000103903512343036,176,34,5984
ionosphere,7,encoding,shared,0.07031053335716327,0.0006542642385422105,176,34,5984
ionosphere,7,feature_extraction,imagenet,0.06103106665735444,0.00011284665073883354,176,512,90112
ionosphere,7,hscore,imagenet,0.047591740172356366,0.0008057274362281388,176,512,90112
ionosphere,7,transrate,imagenet,0.008613800164312124,0.0008027829653097874,176,512,90112
ionosphere,7,feature_extraction,random,0.07195450008536379,0.0040931758105669045,176,512,90112
ionosphere,7,hscore,random,0.04895112011581659,0.0015936708592009063,176,512,90112
ionosphere,7,transrate,random,0.01050393981859088,0.0030153852522856787,176,512,90112
ionosphere,8,complexity_22,raw_tabular,0.07430536672472954,0.0010624362964566235,175,34,5950
ionosphere,8,complexity_l2,raw_tabular,0.0007777333570023378,4.306474997089939e-05,175,34,5950
ionosphere,8,complexity_density,raw_tabular,0.004356800112873316,3.49358504015132e-05,175,34,5950
ionosphere,8,encoding,shared,0.07246486671889822,0.0016026788803330735,175,34,5950
ionosphere,8,feature_extraction,imagenet,0.06218796673541268,0.0019222800719475434,175,512,89600
ionosphere,8,hscore,imagenet,0.04725130004808307,0.0009034042081696936,175,512,89600
ionosphere,8,transrate,imagenet,0.010864660050719977,0.0031687024987753776,175,512,89600
ionosphere,8,feature_extraction,random,0.06606786651536822,0.004435226746445945,175,512,89600
ionosphere,8,hscore,random,0.04710544012486935,0.0006908881466719078,175,512,89600
ionosphere,8,transrate,random,0.012771820090711117,0.005338028428049034,175,512,89600
ionosphere,9,complexity_22,raw_tabular,0.07518836638579766,0.0011638849142157608,176,34,5984
ionosphere,9,complexity_l2,raw_tabular,0.0007256334647536278,4.013080028730507e-05,176,34,5984
ionosphere,9,complexity_density,raw_tabular,0.00610043341293931,0.0014268349424851655,176,34,5984
ionosphere,9,encoding,shared,0.07195463326449196,0.0010876864575630474,176,34,5984
ionosphere,9,feature_extraction,imagenet,0.061014266684651375,0.0001702018155669621,176,512,90112
ionosphere,9,hscore,imagenet,0.048580139968544246,0.002023666469926499,176,512,90112
ionosphere,9,transrate,imagenet,0.00960271991789341,0.0011673169369429348,176,512,90112
ionosphere,9,feature_extraction,random,0.06290993342796962,0.00241641514123722,176,512,90112
ionosphere,9,hscore,random,0.04791668001562357,0.0003096806393211991,176,512,90112
ionosphere,9,transrate,random,0.01270591989159584,0.005516608454512851,176,512,90112
liver,0,complexity_22,raw_tabular,0.034541800152510405,3.536517113108845e-05,172,6,1032
liver,0,complexity_l2,raw_tabular,0.0005460333389540514,1.3147158544931935e-05,172,6,1032
liver,0,complexity_density,raw_tabular,0.003349499932179848,0.0001993543711738246,172,6,1032
liver,0,encoding,shared,0.06616989988833666,0.0007956052632962128,172,6,1032
liver,0,feature_extraction,imagenet,0.06716083347176512,0.005132807373088584,172,512,88064
liver,0,hscore,imagenet,0.048792339861392975,0.0017606233256640157,172,512,88064
liver,0,transrate,imagenet,0.007942419964820147,0.0003835154909420208,172,512,88064
liver,0,feature_extraction,random,0.0619549333738784,0.0031095053712758267,172,512,88064
liver,0,hscore,random,0.04742588000372052,0.0007154068307114625,172,512,88064
liver,0,transrate,random,0.009772880002856255,0.0017539236056883557,172,512,88064
liver,1,complexity_22,raw_tabular,0.03467359999194741,0.00030066073503084084,173,6,1038
liver,1,complexity_l2,raw_tabular,0.0005050332595904669,6.8201755493408635e-06,173,6,1038
liver,1,complexity_density,raw_tabular,0.003133133209000031,1.8773277704145844e-05,173,6,1038
liver,1,encoding,shared,0.06684993316108982,0.0015454329777180732,173,6,1038
liver,1,feature_extraction,imagenet,0.061958933249115944,0.0018570009043995897,173,512,88576
liver,1,hscore,imagenet,0.04718651995062828,0.0005959508291639483,173,512,88576
liver,1,transrate,imagenet,0.008042020071297885,0.000439489879486612,173,512,88576
liver,1,feature_extraction,random,0.06216140013809005,0.0016000425306437363,173,512,88576
liver,1,hscore,random,0.05042492002248764,0.0014761454369968349,173,512,88576
liver,1,transrate,random,0.008410000056028367,0.0007466093718223469,173,512,88576
liver,2,complexity_22,raw_tabular,0.03370633333300551,0.00025379914217479784,172,6,1032
liver,2,complexity_l2,raw_tabular,0.0005094332930942377,1.1803941124380318e-05,172,6,1032
liver,2,complexity_density,raw_tabular,0.003030800105382999,1.500295681031752e-05,172,6,1032
liver,2,encoding,shared,0.06596529996022582,0.0011569771643664829,172,6,1032
liver,2,feature_extraction,imagenet,0.060910099962105356,0.001086200021657145,172,512,88064
liver,2,hscore,imagenet,0.048634559847414494,0.0006312936959018377,172,512,88064
liver,2,transrate,imagenet,0.009271040093153715,0.002517739291254799,172,512,88064
liver,2,feature_extraction,random,0.061480266662935414,0.0022175649722917306,172,512,88064
liver,2,hscore,random,0.047026440128684045,0.0006918654463916292,172,512,88064
liver,2,transrate,random,0.008287119958549739,0.0008668818102259978,172,512,88064
liver,3,complexity_22,raw_tabular,0.033747933339327574,0.00016585073451391024,173,6,1038
liver,3,complexity_l2,raw_tabular,0.00048729994644721347,2.148360136003161e-05,173,6,1038
liver,3,complexity_density,raw_tabular,0.0031471000984311104,3.997728963629106e-05,173,6,1038
liver,3,encoding,shared,0.06638963334262371,0.00019201022460091176,173,6,1038
liver,3,feature_extraction,imagenet,0.060549033184846245,7.89047114869888e-05,173,512,88576
liver,3,hscore,imagenet,0.04793727984651923,0.0008054343126565371,173,512,88576
liver,3,transrate,imagenet,0.00918570002540946,0.002861729576258123,173,512,88576
liver,3,feature_extraction,random,0.06470839989682038,0.005817666510683744,173,512,88576
liver,3,hscore,random,0.048923240043222904,0.00253908159582098,173,512,88576
liver,3,transrate,random,0.011343019828200341,0.002936428979025994,173,512,88576
liver,4,complexity_22,raw_tabular,0.034713633358478546,0.0009217242575014901,172,6,1032
liver,4,complexity_l2,raw_tabular,0.0005697334806124369,3.5703358465284784e-06,172,6,1032
liver,4,complexity_density,raw_tabular,0.0030734331036607423,3.7221357470000623e-05,172,6,1032
liver,4,encoding,shared,0.0666996999643743,0.0007701786785766333,172,6,1032
liver,4,feature_extraction,imagenet,0.06183563328037659,0.0026568380835737906,172,512,88064
liver,4,hscore,imagenet,0.05214149989187718,0.001085972951546937,172,512,88064
liver,4,transrate,imagenet,0.00830295979976654,0.0008366706441597439,172,512,88064
liver,4,feature_extraction,random,0.06008736680572232,0.00012100210164741038,172,512,88064
liver,4,hscore,random,0.051657500024884936,0.0015930330798964928,172,512,88064
liver,4,transrate,random,0.010491400212049484,0.004331069218472074,172,512,88064
liver,5,complexity_22,raw_tabular,0.03548113349825144,0.0002485892390232879,173,6,1038
liver,5,complexity_l2,raw_tabular,0.0005865666704873244,8.103358338991812e-05,173,6,1038
liver,5,complexity_density,raw_tabular,0.003396400095274051,0.0002140775653014563,173,6,1038
liver,5,encoding,shared,0.06654016673564911,0.00015034476421727712,173,6,1038
liver,5,feature_extraction,imagenet,0.06263620002816121,0.001465773722186436,173,512,88576
liver,5,hscore,imagenet,0.048168040066957477,0.0009431617116304284,173,512,88576
liver,5,transrate,imagenet,0.007945739943534137,0.00023084807026286364,173,512,88576
liver,5,feature_extraction,random,0.06613416659335296,0.008699483431552225,173,512,88576
liver,5,hscore,random,0.049159180000424386,0.0020899132479702855,173,512,88576
liver,5,transrate,random,0.00861695995554328,0.0006255690734062273,173,512,88576
liver,6,complexity_22,raw_tabular,0.03431436667839686,0.0005734527207790021,172,6,1032
liver,6,complexity_l2,raw_tabular,0.00048456666991114616,3.4875704107701286e-06,172,6,1032
liver,6,complexity_density,raw_tabular,0.0030596998209754625,4.7099516666060024e-05,172,6,1032
liver,6,encoding,shared,0.06676746672019362,0.0005796806266494429,172,6,1032
liver,6,feature_extraction,imagenet,0.06125053344294429,0.0015471677789759993,172,512,88064
liver,6,hscore,imagenet,0.048249879851937294,0.0014026840628401241,172,512,88064
liver,6,transrate,imagenet,0.007987180072814227,0.00017299423690540175,172,512,88064
liver,6,feature_extraction,random,0.06293706657985847,0.0021862320467781714,172,512,88064
liver,6,hscore,random,0.04946518000215292,0.0015985814980010876,172,512,88064
liver,6,transrate,random,0.00980584006756544,0.002676422858247968,172,512,88064
liver,7,complexity_22,raw_tabular,0.03425893342743317,0.0011132084807822787,173,6,1038
liver,7,complexity_l2,raw_tabular,0.0005524666048586369,6.665979316858403e-06,173,6,1038
liver,7,complexity_density,raw_tabular,0.0031180333656569323,1.7159036906138593e-05,173,6,1038
liver,7,encoding,shared,0.06627096670369308,0.0006736932725174986,173,6,1038
liver,7,feature_extraction,imagenet,0.06072863315542539,0.0006441598152057813,173,512,88576
liver,7,hscore,imagenet,0.04774322006851435,0.0010166171482419292,173,512,88576
liver,7,transrate,imagenet,0.008794960100203753,0.0009230898984401716,173,512,88576
liver,7,feature_extraction,random,0.061451599933207035,0.0017500345459675517,173,512,88576
liver,7,hscore,random,0.049435879848897454,0.00229129749843822,173,512,88576
liver,7,transrate,random,0.009860379993915558,0.004419183852425919,173,512,88576
liver,8,complexity_22,raw_tabular,0.03386316681280732,0.0003156948005088671,172,6,1032
liver,8,complexity_l2,raw_tabular,0.0006755332772930464,0.00014820070043844547,172,6,1032
liver,8,complexity_density,raw_tabular,0.003071800029526154,3.712069647518473e-05,172,6,1032
liver,8,encoding,shared,0.06529453319186966,0.00047416027714973047,172,6,1032
liver,8,feature_extraction,imagenet,0.06200653330112497,0.0013648176528068072,172,512,88064
liver,8,hscore,imagenet,0.048199080117046836,0.0012250525802037448,172,512,88064
liver,8,transrate,imagenet,0.008531299885362387,0.0017164079736993233,172,512,88064
liver,8,feature_extraction,random,0.0626514667334656,0.0018825026894647254,172,512,88064
liver,8,hscore,random,0.047925099916756156,0.0018039081699513372,172,512,88064
liver,8,transrate,random,0.009671000018715858,0.0032697971366625177,172,512,88064
liver,9,complexity_22,raw_tabular,0.034115266520529985,0.0004853900095694695,173,6,1038
liver,9,complexity_l2,raw_tabular,0.0005163334620495638,1.0559369195597444e-05,173,6,1038
liver,9,complexity_density,raw_tabular,0.00304966668287913,1.6400499911210747e-05,173,6,1038
liver,9,encoding,shared,0.0664409998183449,0.00039333622222730485,173,6,1038
liver,9,feature_extraction,imagenet,0.06009659978250662,4.369353667067956e-05,173,512,88576
liver,9,hscore,imagenet,0.048331199865788224,0.0009078363431162236,173,512,88576
liver,9,transrate,imagenet,0.008199679851531982,0.0008306642356726281,173,512,88576
liver,9,feature_extraction,random,0.06377936666831374,0.003841637411441796,173,512,88576
liver,9,hscore,random,0.04776962008327246,0.001095953763018552,173,512,88576
liver,9,transrate,random,0.007735119946300983,0.0002730615398710302,173,512,88576
mammographic,0,complexity_22,raw_tabular,0.14158223336562514,0.001779772514389816,415,5,2075
mammographic,0,complexity_l2,raw_tabular,0.0006372998468577862,4.336718094024734e-06,415,5,2075
mammographic,0,complexity_density,raw_tabular,0.011694933443019787,0.00014692252678310557,415,5,2075
mammographic,0,encoding,shared,0.15621450000132123,0.0015536747338135706,415,5,2075
mammographic,0,feature_extraction,imagenet,0.15010983310639858,0.00506673132111759,415,512,212480
mammographic,0,hscore,imagenet,0.05306739993393421,0.00026677639286709664,415,512,212480
mammographic,0,transrate,imagenet,0.009490600042045116,0.00048501530538201285,415,512,212480
mammographic,0,feature_extraction,random,0.16586440009996295,0.0038196687744253195,415,512,212480
mammographic,0,hscore,random,0.05327925998717546,0.0004647936524238849,415,512,212480
mammographic,0,transrate,random,0.012014420051127673,0.002397908931878026,415,512,212480
mammographic,1,complexity_22,raw_tabular,0.14195746664578715,0.0017437789088043385,415,5,2075
mammographic,1,complexity_l2,raw_tabular,0.0006567332893610001,7.113667163282651e-06,415,5,2075
mammographic,1,complexity_density,raw_tabular,0.011215566812704006,0.0001020895335472594,415,5,2075
mammographic,1,encoding,shared,0.1580307666833202,0.0005844029643007636,415,5,2075
mammographic,1,feature_extraction,imagenet,0.15416306660821041,0.004820386394112704,415,512,212480
mammographic,1,hscore,imagenet,0.05263978019356728,0.0009889810369124615,415,512,212480
mammographic,1,transrate,imagenet,0.009935140050947667,0.0008206079713250461,415,512,212480
mammographic,1,feature_extraction,random,0.16092313329378763,0.009163599621743294,415,512,212480
mammographic,1,hscore,random,0.052750339917838576,0.001487534267255147,415,512,212480
mammographic,1,transrate,random,0.013555619958788156,0.0047108596880951,415,512,212480
mammographic,2,complexity_22,raw_tabular,0.14169693334649006,0.0016836637058222062,415,5,2075
mammographic,2,complexity_l2,raw_tabular,0.000609266726921002,9.105261089720604e-06,415,5,2075
mammographic,2,complexity_density,raw_tabular,0.011132299900054932,2.849680093786453e-05,415,5,2075
mammographic,2,encoding,shared,0.15700763339797655,0.0025153652699578463,415,5,2075
mammographic,2,feature_extraction,imagenet,0.14775560020158687,0.002123869552475636,415,512,212480
mammographic,2,hscore,imagenet,0.052534819766879085,0.000893257222653731,415,512,212480
mammographic,2,transrate,imagenet,0.011683120112866163,0.002748229721251762,415,512,212480
mammographic,2,feature_extraction,random,0.14462236672018966,0.0019361477890887193,415,512,212480
mammographic,2,hscore,random,0.05254766009747982,0.0008609424615934166,415,512,212480
mammographic,2,transrate,random,0.014406219869852067,0.0032127202697155802,415,512,212480
mammographic,3,complexity_22,raw_tabular,0.14435523329302669,0.0014692133716723626,415,5,2075
mammographic,3,complexity_l2,raw_tabular,0.0006151666554311911,1.0632158778179695e-05,415,5,2075
mammographic,3,complexity_density,raw_tabular,0.011040466682364544,0.00012719039990925546,415,5,2075
mammographic,3,encoding,shared,0.15434439977010092,0.0004478922556608578,415,5,2075
mammographic,3,feature_extraction,imagenet,0.15354886666561166,0.00253236521405103,415,512,212480
mammographic,3,hscore,imagenet,0.05340468008071184,0.0009291756510262246,415,512,212480
mammographic,3,transrate,imagenet,0.01104033999145031,0.003659118166417284,415,512,212480
mammographic,3,feature_extraction,random,0.1448976999769608,0.001528626726069018,415,512,212480
mammographic,3,hscore,random,0.05240680007264018,0.0015143335142742804,415,512,212480
mammographic,3,transrate,random,0.010028359945863485,0.00064242388997301,415,512,212480
mammographic,4,complexity_22,raw_tabular,0.14288423334558806,0.0018614415543593478,415,5,2075
mammographic,4,complexity_l2,raw_tabular,0.0005928999744355679,1.3083247643087015e-05,415,5,2075
mammographic,4,complexity_density,raw_tabular,0.011205933367212614,0.00013024402381368576,415,5,2075
mammographic,4,encoding,shared,0.15774533338844776,0.000747935855928376,415,5,2075
mammographic,4,feature_extraction,imagenet,0.14408819982782006,0.0004135181114564009,415,512,212480
mammographic,4,hscore,imagenet,0.053376940172165634,0.0014213390252702893,415,512,212480
mammographic,4,transrate,imagenet,0.009906739834696055,0.0008670576061970736,415,512,212480
mammographic,4,feature_extraction,random,0.1564103332348168,0.007222324447797254,415,512,212480
mammographic,4,hscore,random,0.05356933996081352,0.0008892574524352814,415,512,212480
mammographic,4,transrate,random,0.010452399868518114,0.001123326006638657,415,512,212480
mammographic,5,complexity_22,raw_tabular,0.13874080001066127,0.0012990162089147519,415,5,2075
mammographic,5,complexity_l2,raw_tabular,0.0006587666769822439,4.965817123472842e-05,415,5,2075
mammographic,5,complexity_density,raw_tabular,0.011462000198662281,0.0002658576176116198,415,5,2075
mammographic,5,encoding,shared,0.1570741000274817,0.0009357665835015507,415,5,2075
mammographic,5,feature_extraction,imagenet,0.14623650008191666,0.0024008200450574306,415,512,212480
mammographic,5,hscore,imagenet,0.053001600131392476,0.0007157164974656613,415,512,212480
mammographic,5,transrate,imagenet,0.009979139920324087,0.0007285674165943022,415,512,212480
mammographic,5,feature_extraction,random,0.1443750667385757,0.0018531245328580752,415,512,212480
mammographic,5,hscore,random,0.05253558000549674,0.0011224162082948885,415,512,212480
mammographic,5,transrate,random,0.010118599981069565,0.0007370473046676826,415,512,212480
mammographic,6,complexity_22,raw_tabular,0.1337037665459017,0.0019101942306220868,415,5,2075
mammographic,6,complexity_l2,raw_tabular,0.000625300065924724,9.341338201890148e-06,415,5,2075
mammographic,6,complexity_density,raw_tabular,0.010847666456053654,2.925708967627323e-05,415,5,2075
mammographic,6,encoding,shared,0.15462423333277306,0.0006543858622246025,415,5,2075
mammographic,6,feature_extraction,imagenet,0.14778653346002102,0.0029706513478323605,415,512,212480
mammographic,6,hscore,imagenet,0.05384911997243762,0.00038309160091629183,415,512,212480
mammographic,6,transrate,imagenet,0.010631319880485535,0.001129224167506906,415,512,212480
mammographic,6,feature_extraction,random,0.1544190333224833,0.011305640679409095,415,512,212480
mammographic,6,hscore,random,0.05159557992592454,0.0007459348103168872,415,512,212480
mammographic,6,transrate,random,0.010935419984161854,0.002547241913654054,415,512,212480
mammographic,7,complexity_22,raw_tabular,0.14579750007639328,0.0014564194076478055,415,5,2075
mammographic,7,complexity_l2,raw_tabular,0.0006433000477651755,1.7759029000020678e-05,415,5,2075
mammographic,7,complexity_density,raw_tabular,0.011034266712764898,3.987140820655421e-05,415,5,2075
mammographic,7,encoding,shared,0.15404106676578522,0.0004894839821370599,415,5,2075
mammographic,7,feature_extraction,imagenet,0.15299913349250951,0.006652218645460552,415,512,212480
mammographic,7,hscore,imagenet,0.05337104005739093,0.0023456534524166884,415,512,212480
mammographic,7,transrate,imagenet,0.009554400201886892,0.0006451635169293303,415,512,212480
mammographic,7,feature_extraction,random,0.14784570007274547,0.004126618335303978,415,512,212480
mammographic,7,hscore,random,0.05235806005075574,0.0004737205927472557,415,512,212480
mammographic,7,transrate,random,0.009266580082476139,9.186023074259947e-05,415,512,212480
mammographic,8,complexity_22,raw_tabular,0.14113266688461104,0.002278395894098033,415,5,2075
mammographic,8,complexity_l2,raw_tabular,0.0006543667986989021,2.615673797013338e-05,415,5,2075
mammographic,8,complexity_density,raw_tabular,0.011410399960974852,0.00044083174300864146,415,5,2075
mammographic,8,encoding,shared,0.15658926653365293,0.0007204760709942476,415,5,2075
mammographic,8,feature_extraction,imagenet,0.1499799331650138,0.002686957291756894,415,512,212480
mammographic,8,hscore,imagenet,0.0526197399944067,0.0011864014148886047,415,512,212480
mammographic,8,transrate,imagenet,0.014903900027275086,0.005399994896403472,415,512,212480
mammographic,8,feature_extraction,random,0.15780703319857517,0.004430597656480821,415,512,212480
mammographic,8,hscore,random,0.053423820063471794,0.0019200667580407838,415,512,212480
mammographic,8,transrate,random,0.010065259970724582,0.0005926889361583202,415,512,212480
mammographic,9,complexity_22,raw_tabular,0.14438570011407137,0.0008582050940742307,415,5,2075
mammographic,9,complexity_l2,raw_tabular,0.0006452666906019052,1.4743176858263175e-05,415,5,2075
mammographic,9,complexity_density,raw_tabular,0.011642499982068935,0.0008094830716417426,415,5,2075
mammographic,9,encoding,shared,0.1523861001866559,0.00018690880661849125,415,5,2075
mammographic,9,feature_extraction,imagenet,0.15116166649386287,0.003085724120243365,415,512,212480
mammographic,9,hscore,imagenet,0.05280643990263343,0.0008510618632943095,415,512,212480
mammographic,9,transrate,imagenet,0.010729159973561764,0.003167265073751535,415,512,212480
mammographic,9,feature_extraction,random,0.14858329994603992,0.0008337176454621901,415,512,212480
mammographic,9,hscore,random,0.05145763996988535,0.0006344485272469581,415,512,212480
mammographic,9,transrate,random,0.012001720070838929,0.0009738902152439427,415,512,212480
monk-2,0,complexity_22,raw_tabular,0.04219370009377599,0.00029303624567769004,216,6,1296
monk-2,0,complexity_l2,raw_tabular,0.0004632665465275447,4.296818389201527e-06,216,6,1296
monk-2,0,complexity_density,raw_tabular,0.004112066701054573,0.00012862280931046075,216,6,1296
monk-2,0,encoding,shared,0.08178663331394394,0.00010692872666529771,216,6,1296
monk-2,0,feature_extraction,imagenet,0.07731793339674671,0.0039554299904827174,216,512,110592
monk-2,0,hscore,imagenet,0.05019522020593285,0.0014012207814385438,216,512,110592
monk-2,0,transrate,imagenet,0.010832680016756057,0.0018975840459994084,216,512,110592
monk-2,0,feature_extraction,random,0.0796729998352627,0.0043573518393342555,216,512,110592
monk-2,0,hscore,random,0.049892819952219725,0.0021377461191516532,216,512,110592
monk-2,0,transrate,random,0.010013219993561506,0.002224156165140399,216,512,110592
monk-2,1,complexity_22,raw_tabular,0.04105849998692671,0.0004463961026164264,216,6,1296
monk-2,1,complexity_l2,raw_tabular,0.0004614998276034991,1.367548500075753e-05,216,6,1296
monk-2,1,complexity_density,raw_tabular,0.004090666460494201,8.527052581790395e-05,216,6,1296
monk-2,1,encoding,shared,0.0804978000621001,0.0008332848549140097,216,6,1296
monk-2,1,feature_extraction,imagenet,0.07459860000138481,3.8802686585979706e-05,216,512,110592
monk-2,1,hscore,imagenet,0.04976262003183365,0.001055458410948949,216,512,110592
monk-2,1,transrate,imagenet,0.00867159990593791,0.0007557111961890121,216,512,110592
monk-2,1,feature_extraction,random,0.07702023349702358,0.0020048542889878358,216,512,110592
monk-2,1,hscore,random,0.04884917996823788,0.0003095729389381549,216,512,110592
monk-2,1,transrate,random,0.011881840042769909,0.003466810506854413,216,512,110592
monk-2,2,complexity_22,raw_tabular,0.04217589972540736,0.00039550907649890963,216,6,1296
monk-2,2,complexity_l2,raw_tabular,0.0004707664872209231,2.6822978782839336e-05,216,6,1296
monk-2,2,complexity_density,raw_tabular,0.004117466509342194,7.887292248906243e-05,216,6,1296
monk-2,2,encoding,shared,0.08211860014125705,0.0004928627363479329,216,6,1296
monk-2,2,feature_extraction,imagenet,0.07548303327833612,0.0006257410853945306,216,512,110592
monk-2,2,hscore,imagenet,0.051261920016258955,0.00108351833650656,216,512,110592
monk-2,2,transrate,imagenet,0.011450959928333759,0.004616912026944932,216,512,110592
monk-2,2,feature_extraction,random,0.07679509992400806,0.0016535214102965598,216,512,110592
monk-2,2,hscore,random,0.0482892400585115,0.0005556562725849968,216,512,110592
monk-2,2,transrate,random,0.01042592003941536,0.002281116163129459,216,512,110592
monk-2,3,complexity_22,raw_tabular,0.04182416697343191,0.0006879776536750432,216,6,1296
monk-2,3,complexity_l2,raw_tabular,0.0004668332015474637,1.4530914771409173e-05,216,6,1296
monk-2,3,complexity_density,raw_tabular,0.004104066640138626,7.721831761146274e-05,216,6,1296
monk-2,3,encoding,shared,0.08423329998428623,0.0011908617089786042,216,6,1296
monk-2,3,feature_extraction,imagenet,0.07485953345894814,0.0004986692732796134,216,512,110592
monk-2,3,hscore,imagenet,0.049025119934231046,0.0005774932828140086,216,512,110592
monk-2,3,transrate,imagenet,0.01139671988785267,0.0009126475112389989,216,512,110592
monk-2,3,feature_extraction,random,0.078310399937133,0.0023155010264873438,216,512,110592
monk-2,3,hscore,random,0.049959339946508405,0.0006302361686619052,216,512,110592
monk-2,3,transrate,random,0.010281900130212306,0.0016279771246247988,216,512,110592
monk-2,4,complexity_22,raw_tabular,0.0417059000271062,0.0006448354998903974,216,6,1296
monk-2,4,complexity_l2,raw_tabular,0.00048173312097787857,1.849128513961585e-05,216,6,1296
monk-2,4,complexity_density,raw_tabular,0.004033500018219153,4.087272939789034e-05,216,6,1296
monk-2,4,encoding,shared,0.08399776664252083,0.0010775250704733348,216,6,1296
monk-2,4,feature_extraction,imagenet,0.08452090015634894,0.0017337314222336995,216,512,110592
monk-2,4,hscore,imagenet,0.04841963993385434,0.0009892583509229183,216,512,110592
monk-2,4,transrate,imagenet,0.011743559967726469,0.0033393038857969697,216,512,110592
monk-2,4,feature_extraction,random,0.07732856677224238,0.0017068445039090064,216,512,110592
monk-2,4,hscore,random,0.04936448000371456,0.000955319338473256,216,512,110592
monk-2,4,transrate,random,0.012015379872173071,0.0015943365216540813,216,512,110592
monk-2,5,complexity_22,raw_tabular,0.04165376676246524,0.000781046006840467,216,6,1296
monk-2,5,complexity_l2,raw_tabular,0.0004690334511299928,9.241434837390836e-06,216,6,1296
monk-2,5,complexity_density,raw_tabular,0.003926800098270178,2.608626093555484e-05,216,6,1296
monk-2,5,encoding,shared,0.08263249990219872,0.0006047127585402706,216,6,1296
monk-2,5,feature_extraction,imagenet,0.07774819992482662,0.002224493024337094,216,512,110592
monk-2,5,hscore,imagenet,0.04963398007676005,0.0015232315913635331,216,512,110592
monk-2,5,transrate,imagenet,0.009495760034769773,0.0009240408266932266,216,512,110592
monk-2,5,feature_extraction,random,0.07577569984520476,0.0008086809651526326,216,512,110592
monk-2,5,hscore,random,0.048381099849939345,0.0012042021471047105,216,512,110592
monk-2,5,transrate,random,0.01051983991637826,0.0027927960635476434,216,512,110592
monk-2,6,complexity_22,raw_tabular,0.041817433355997004,0.0006691080367332989,216,6,1296
monk-2,6,complexity_l2,raw_tabular,0.0004661333126326402,9.993513988620956e-06,216,6,1296
monk-2,6,complexity_density,raw_tabular,0.003976099969198306,2.6517943765182548e-05,216,6,1296
monk-2,6,encoding,shared,0.08446396669993798,0.0015994272210206057,216,6,1296
monk-2,6,feature_extraction,imagenet,0.07474489991242687,0.00011433379828295793,216,512,110592
monk-2,6,hscore,imagenet,0.048801100067794326,0.0007516656143708167,216,512,110592
monk-2,6,transrate,imagenet,0.010010259971022607,0.0006200933820313425,216,512,110592
monk-2,6,feature_extraction,random,0.07711059988165896,0.0006000950637741986,216,512,110592
monk-2,6,hscore,random,0.04849937986582518,0.0009096301521498987,216,512,110592
monk-2,6,transrate,random,0.010595820099115371,0.0014696084018548502,216,512,110592
monk-2,7,complexity_22,raw_tabular,0.041222633328288794,0.00032488624007180535,216,6,1296
monk-2,7,complexity_l2,raw_tabular,0.00046616684024532634,4.865062204550062e-06,216,6,1296
monk-2,7,complexity_density,raw_tabular,0.003944400077064832,3.091536375671642e-05,216,6,1296
monk-2,7,encoding,shared,0.0822473334458967,0.0004976424575609227,216,6,1296
monk-2,7,feature_extraction,imagenet,0.08335686676825087,0.001589272179642821,216,512,110592
monk-2,7,hscore,imagenet,0.048153599910438064,0.0009799351953152897,216,512,110592
monk-2,7,transrate,imagenet,0.010368940141052007,0.002925072706952136,216,512,110592
monk-2,7,feature_extraction,random,0.0805754332492749,0.0029188139120288168,216,512,110592
monk-2,7,hscore,random,0.05160691998898983,0.0011897069063128481,216,512,110592
monk-2,7,transrate,random,0.00955665996298194,0.00044214191026320754,216,512,110592
monk-2,8,complexity_22,raw_tabular,0.04196753337358435,0.00092820259977098,216,6,1296
monk-2,8,complexity_l2,raw_tabular,0.0005013666426142057,7.080526365613055e-05,216,6,1296
monk-2,8,complexity_density,raw_tabular,0.004142999804268281,7.464737349036806e-05,216,6,1296
monk-2,8,encoding,shared,0.08394496670613687,0.00027038120717747823,216,6,1296
monk-2,8,feature_extraction,imagenet,0.08273593336343765,0.004451057683282142,216,512,110592
monk-2,8,hscore,imagenet,0.04989457987248898,0.0009184706095773359,216,512,110592
monk-2,8,transrate,imagenet,0.009882360137999058,0.0008588181138984406,216,512,110592
monk-2,8,feature_extraction,random,0.07613730011507869,0.001602547499571756,216,512,110592
monk-2,8,hscore,random,0.048924300074577334,0.0007263191321508372,216,512,110592
monk-2,8,transrate,random,0.010008679982274771,0.0005114805355509944,216,512,110592
monk-2,9,complexity_22,raw_tabular,0.041217066502819456,0.0006719058385916518,216,6,1296
monk-2,9,complexity_l2,raw_tabular,0.00047030004983146984,1.492132202179596e-05,216,6,1296
monk-2,9,complexity_density,raw_tabular,0.004257900019486745,0.00023475005762706288,216,6,1296
monk-2,9,encoding,shared,0.0826524665268759,0.0012690645830097927,216,6,1296
monk-2,9,feature_extraction,imagenet,0.08000463324909408,0.004428785058314046,216,512,110592
monk-2,9,hscore,imagenet,0.049088979978114365,0.0012717679418953866,216,512,110592
monk-2,9,transrate,imagenet,0.009134340099990368,0.00013377935914920532,216,512,110592
monk-2,9,feature_extraction,random,0.07486973314856489,0.0006971845718924948,216,512,110592
monk-2,9,hscore,random,0.04920681985095143,0.0009145110083753305,216,512,110592
monk-2,9,transrate,random,0.00893774013966322,0.000547414144565485,216,512,110592
monkone,0,complexity_22,raw_tabular,0.058547133269409336,0.0006364227092630563,278,6,1668
monkone,0,complexity_l2,raw_tabular,0.0004997664752105871,2.400534004550894e-06,278,6,1668
monkone,0,complexity_density,raw_tabular,0.005441699797908465,1.4121062652007696e-05,278,6,1668
monkone,0,encoding,shared,0.10539526678621769,0.0023131380482871535,278,6,1668
monkone,0,feature_extraction,imagenet,0.09651193333168824,0.00017095244694027473,278,512,142336
monkone,0,hscore,imagenet,0.05538654001429677,0.0007465003522140253,278,512,142336
monkone,0,transrate,imagenet,0.014061999972909689,0.003077269792410384,278,512,142336
monkone,0,feature_extraction,random,0.10870536665121715,0.010016549565007402,278,512,142336
monkone,0,hscore,random,0.05525422003120184,0.002041797234031615,278,512,142336
monkone,0,transrate,random,0.011063020024448634,0.0006610709702996513,278,512,142336
monkone,1,complexity_22,raw_tabular,0.05880410006890694,0.0005767615679479863,278,6,1668
monkone,1,complexity_l2,raw_tabular,0.0005223665696879228,8.242027273908143e-05,278,6,1668
monkone,1,complexity_density,raw_tabular,0.005866866714010636,0.00019225056605107492,278,6,1668
monkone,1,encoding,shared,0.10583086653302114,0.0017423658541826906,278,6,1668
monkone,1,feature_extraction,imagenet,0.10100566657880942,0.005168262709753166,278,512,142336
monkone,1,hscore,imagenet,0.04926325995475054,0.002124837121190665,278,512,142336
monkone,1,transrate,imagenet,0.012984939943999052,0.003346236106182574,278,512,142336
monkone,1,feature_extraction,random,0.10193143334860603,0.001750959923821503,278,512,142336
monkone,1,hscore,random,0.04979720003902912,0.0009315288931241971,278,512,142336
monkone,1,transrate,random,0.012477700039744377,0.005331614104817074,278,512,142336
monkone,2,complexity_22,raw_tabular,0.05821493330101172,0.0006274568220592561,278,6,1668
monkone,2,complexity_l2,raw_tabular,0.0004953000073631605,1.1042555098122562e-05,278,6,1668
monkone,2,complexity_density,raw_tabular,0.005586033376554648,7.2953369298659e-05,278,6,1668
monkone,2,encoding,shared,0.10649360017850995,0.00130609054173725,278,6,1668
monkone,2,feature_extraction,imagenet,0.0984363998286426,0.0013719912746856283,278,512,142336
monkone,2,hscore,imagenet,0.051299380138516426,0.0006700077797340545,278,512,142336
monkone,2,transrate,imagenet,0.011458059959113597,0.0031925662526180727,278,512,142336
monkone,2,feature_extraction,random,0.10451786654690902,0.0007750681410817378,278,512,142336
monkone,2,hscore,random,0.05019099991768598,0.0008467775938957576,278,512,142336
monkone,2,transrate,random,0.015052320063114166,0.0025810713303276245,278,512,142336
monkone,3,complexity_22,raw_tabular,0.05806849990040064,0.0008843866676422282,278,6,1668
monkone,3,complexity_l2,raw_tabular,0.0004565666119257609,9.232060283828718e-06,278,6,1668
monkone,3,complexity_density,raw_tabular,0.005439566603551309,3.9115845114368224e-05,278,6,1668
monkone,3,encoding,shared,0.10717956659694512,0.0017173086902088853,278,6,1668
monkone,3,feature_extraction,imagenet,0.10579063324257731,0.0067636554785550735,278,512,142336
monkone,3,hscore,imagenet,0.05272709988057613,0.000682429049465293,278,512,142336
monkone,3,transrate,imagenet,0.010130579955875874,0.00030069122079105033,278,512,142336
monkone,3,feature_extraction,random,0.10585250006988645,0.006932669719951484,278,512,142336
monkone,3,hscore,random,0.05304495990276337,0.0019960917938359884,278,512,142336
monkone,3,transrate,random,0.009331240225583315,0.0002731840100399301,278,512,142336
monkone,4,complexity_22,raw_tabular,0.059182066625605025,0.002060428370570779,278,6,1668
monkone,4,complexity_l2,raw_tabular,0.0006937667106588682,0.00018846398991519635,278,6,1668
monkone,4,complexity_density,raw_tabular,0.005486666690558195,0.00010677397484316893,278,6,1668
monkone,4,encoding,shared,0.10614123319586118,0.00043137985265812994,278,6,1668
monkone,4,feature_extraction,imagenet,0.09911876684054732,0.001696577322491469,278,512,142336
monkone,4,hscore,imagenet,0.05596888000145554,0.0025932183939049776,278,512,142336
monkone,4,transrate,imagenet,0.01165926018729806,0.0031709637298911186,278,512,142336
monkone,4,feature_extraction,random,0.10404843324795365,0.003490347625677561,278,512,142336
monkone,4,hscore,random,0.052436660043895245,0.0015298528499585141,278,512,142336
monkone,4,transrate,random,0.00956682013347745,0.001467381863976532,278,512,142336
monkone,5,complexity_22,raw_tabular,0.059385166658709444,0.00044539803189270425,278,6,1668
monkone,5,complexity_l2,raw_tabular,0.00048053326706091565,4.751375948433523e-06,278,6,1668
monkone,5,complexity_density,raw_tabular,0.005465200170874596,4.330019953675243e-05,278,6,1668
monkone,5,encoding,shared,0.1044070334173739,0.0006989429476892681,278,6,1668
monkone,5,feature_extraction,imagenet,0.10640863344694178,0.0075199042847857705,278,512,142336
monkone,5,hscore,imagenet,0.05238384008407593,0.0008788304111226842,278,512,142336
monkone,5,transrate,imagenet,0.009189139865338803,0.00015686672971870012,278,512,142336
monkone,5,feature_extraction,random,0.09783876656244199,0.0011073975493251455,278,512,142336
monkone,5,hscore,random,0.04922770000994205,0.0012067128928461243,278,512,142336
monkone,5,transrate,random,0.011147960182279348,0.0029606190668769847,278,512,142336
monkone,6,complexity_22,raw_tabular,0.058101233250151076,0.0010763464918905133,278,6,1668
monkone,6,complexity_l2,raw_tabular,0.0004993998445570469,2.8330476141739793e-05,278,6,1668
monkone,6,complexity_density,raw_tabular,0.005381966785838206,3.120699469376142e-05,278,6,1668
monkone,6,encoding,shared,0.10501543339341879,0.00036386737486247757,278,6,1668
monkone,6,feature_extraction,imagenet,0.10227880021557212,0.005383878076182439,278,512,142336
monkone,6,hscore,imagenet,0.05245091989636421,0.0020863340451081785,278,512,142336
monkone,6,transrate,imagenet,0.01144935991615057,0.0032809983084090295,278,512,142336
monkone,6,feature_extraction,random,0.1072957666280369,0.001983957805416886,278,512,142336
monkone,6,hscore,random,0.0529806399717927,0.0009968478510962294,278,512,142336
monkone,6,transrate,random,0.011061320174485445,0.0029175932390664706,278,512,142336
monkone,7,complexity_22,raw_tabular,0.057706799979011215,0.0005825502205452366,278,6,1668
monkone,7,complexity_l2,raw_tabular,0.0004667332395911217,1.1067710618176191e-05,278,6,1668
monkone,7,complexity_density,raw_tabular,0.005428333456317584,2.5732208214885123e-05,278,6,1668
monkone,7,encoding,shared,0.10827400007595618,0.00030656476784116343,278,6,1668
monkone,7,feature_extraction,imagenet,0.10756499987716477,0.005036589648073134,278,512,142336
monkone,7,hscore,imagenet,0.0507249197922647,0.0013844785135669298,278,512,142336
monkone,7,transrate,imagenet,0.009187040105462074,0.00045938134378031934,278,512,142336
monkone,7,feature_extraction,random,0.10057513322681189,0.0028968114757226314,278,512,142336
monkone,7,hscore,random,0.053646419942378995,0.004305391356728336,278,512,142336
monkone,7,transrate,random,0.00997104002162814,0.0008722456125091889,278,512,142336
monkone,8,complexity_22,raw_tabular,0.05881503333027164,0.0020390778216625043,278,6,1668
monkone,8,complexity_l2,raw_tabular,0.0004902668297290802,1.0647741069448686e-05,278,6,1668
monkone,8,complexity_density,raw_tabular,0.005457933526486158,1.7088110056048086e-05,278,6,1668
monkone,8,encoding,shared,0.10763773337627451,0.0005510979285931772,278,6,1668
monkone,8,feature_extraction,imagenet,0.10362880025058985,0.00557185468050933,278,512,142336
monkone,8,hscore,imagenet,0.05060644000768662,0.0011575987931237578,278,512,142336
monkone,8,transrate,imagenet,0.011516799870878457,0.0020431220382388414,278,512,142336
monkone,8,feature_extraction,random,0.10091039988522728,0.0033713570605462605,278,512,142336
monkone,8,hscore,random,0.05140050007030368,0.0019442573472093214,278,512,142336
monkone,8,transrate,random,0.009128540102392436,0.0009512731850308955,278,512,142336
monkone,9,complexity_22,raw_tabular,0.05802029992143313,0.000608995671470315,278,6,1668
monkone,9,complexity_l2,raw_tabular,0.0004877331666648388,1.6465042666866282e-05,278,6,1668
monkone,9,complexity_density,raw_tabular,0.005453633299718301,1.9876250358166406e-05,278,6,1668
monkone,9,encoding,shared,0.10646626663704713,0.0016929473021417185,278,6,1668
monkone,9,feature_extraction,imagenet,0.10193010000512004,0.006929454779986066,278,512,142336
monkone,9,hscore,imagenet,0.05109925987198949,0.002157408747412369,278,512,142336
monkone,9,transrate,imagenet,0.009311079792678357,0.0003196658876605265,278,512,142336
monkone,9,feature_extraction,random,0.09712616680189967,0.0006195205160680641,278,512,142336
monkone,9,hscore,random,0.0516206000931561,0.0010929052989852377,278,512,142336
monkone,9,transrate,random,0.008918800018727779,0.0004812045365792228,278,512,142336
phoneme,0,complexity_22,raw_tabular,4.315592200029641,0.023889051150598712,2702,5,13510
phoneme,0,complexity_l2,raw_tabular,0.0015798668997983138,8.384925610030344e-05,2702,5,13510
phoneme,0,complexity_density,raw_tabular,0.31644686684012413,0.001214495395038054,2702,5,13510
phoneme,0,encoding,shared,1.1884706333900492,0.05735294998569357,2702,5,13510
phoneme,0,feature_extraction,imagenet,0.991196033389618,0.012862318669987747,2702,512,1383424
phoneme,0,hscore,imagenet,0.07176724011078477,0.0015735570832071998,2702,512,1383424
phoneme,0,transrate,imagenet,0.023513040132820608,0.0008315842334907043,2702,512,1383424
phoneme,0,feature_extraction,random,0.979329200151066,0.007654909377272306,2702,512,1383424
phoneme,0,hscore,random,0.0733729999512434,0.0005881627462429424,2702,512,1383424
phoneme,0,transrate,random,0.022223679907619955,0.00012891971847862568,2702,512,1383424
phoneme,1,complexity_22,raw_tabular,4.260045599968483,0.009855041359033718,2702,5,13510
phoneme,1,complexity_l2,raw_tabular,0.001439100131392479,6.435802962098145e-06,2702,5,13510
phoneme,1,complexity_density,raw_tabular,0.30417499986166757,0.002204285591907521,2702,5,13510
phoneme,1,encoding,shared,1.1123905000276864,0.0391825319121313,2702,5,13510
phoneme,1,feature_extraction,imagenet,0.9539980334229767,0.004409279851991916,2702,512,1383424
phoneme,1,hscore,imagenet,0.09813007991760969,0.005221224784640918,2702,512,1383424
phoneme,1,transrate,imagenet,0.033328880090266466,0.00193146524291599,2702,512,1383424
phoneme,1,feature_extraction,random,0.9762699333950877,0.012062926594350562,2702,512,1383424
phoneme,1,hscore,random,0.0940191999077797,0.004167108103263378,2702,512,1383424
phoneme,1,transrate,random,0.027233279962092637,0.0012666502257136386,2702,512,1383424
phoneme,2,complexity_22,raw_tabular,4.25838436667497,0.011764012679587755,2702,5,13510
phoneme,2,complexity_l2,raw_tabular,0.0015626998307804267,0.00012433771912450018,2702,5,13510
phoneme,2,complexity_density,raw_tabular,0.3131456997555991,0.0024338383975693856,2702,5,13510
phoneme,2,encoding,shared,1.126075866787384,0.04952129030693877,2702,5,13510
phoneme,2,feature_extraction,imagenet,0.9500037333928049,0.005948531148033299,2702,512,1383424
phoneme,2,hscore,imagenet,0.09512628000229598,0.0012197845371259065,2702,512,1383424
phoneme,2,transrate,imagenet,0.030721200071275233,0.002847862227650862,2702,512,1383424
phoneme,2,feature_extraction,random,0.9548719331311682,0.011600697497460004,2702,512,1383424
phoneme,2,hscore,random,0.09589645992964506,0.003742707609582817,2702,512,1383424
phoneme,2,transrate,random,0.03567000012844801,0.0016082533637256007,2702,512,1383424
phoneme,3,complexity_22,raw_tabular,4.264519766749193,0.02083427115611651,2702,5,13510
phoneme,3,complexity_l2,raw_tabular,0.0015223667336006959,8.59360305907367e-06,2702,5,13510
phoneme,3,complexity_density,raw_tabular,0.31180043316756684,0.004003744903884994,2702,5,13510
phoneme,3,encoding,shared,1.0667414334602654,0.01196117085848546,2702,5,13510
phoneme,3,feature_extraction,imagenet,1.0055476335498195,0.021996996076691748,2702,512,1383424
phoneme,3,hscore,imagenet,0.10660046003758908,0.004630895067568931,2702,512,1383424
phoneme,3,transrate,imagenet,0.03221172001212835,0.0032151928720240875,2702,512,1383424
phoneme,3,feature_extraction,random,1.0671416331703465,0.09264007227460565,2702,512,1383424
phoneme,3,hscore,random,0.11064126007258893,0.0027494480879807636,2702,512,1383424
phoneme,3,transrate,random,0.03243346009403467,0.0024909755996593047,2702,512,1383424
phoneme,4,complexity_22,raw_tabular,4.409608133292447,0.02336760729784301,2702,5,13510
phoneme,4,complexity_l2,raw_tabular,0.0016948335493604343,4.671610846801635e-05,2702,5,13510
phoneme,4,complexity_density,raw_tabular,0.3268261665167908,0.002694523347477777,2702,5,13510
phoneme,4,encoding,shared,1.1163778665165107,0.02213547225650271,2702,5,13510
phoneme,4,feature_extraction,imagenet,1.0446205334737897,0.03685943791119804,2702,512,1383424
phoneme,4,hscore,imagenet,0.10157542005181312,0.004090708563468249,2702,512,1383424
phoneme,4,transrate,imagenet,0.03827925994992256,0.0028873164039866918,2702,512,1383424
phoneme,4,feature_extraction,random,0.9603897666869065,0.006201012655776008,2702,512,1383424
phoneme,4,hscore,random,0.10425052000209689,0.0032379185295124393,2702,512,1383424
phoneme,4,transrate,random,0.036593899969011544,0.004354190151274522,2702,512,1383424
phoneme,5,complexity_22,raw_tabular,4.255121700000018,0.013863997784749024,2702,5,13510
phoneme,5,complexity_l2,raw_tabular,0.0013593666565914948,5.926360297590224e-05,2702,5,13510
phoneme,5,complexity_density,raw_tabular,0.3091741000923018,0.002221332841756307,2702,5,13510
phoneme,5,encoding,shared,1.0614660000428557,0.0029789911941430123,2702,5,13510
phoneme,5,feature_extraction,imagenet,0.9788724668323994,0.0073856775435281186,2702,512,1383424
phoneme,5,hscore,imagenet,0.09684959994629025,0.003203570638222366,2702,512,1383424
phoneme,5,transrate,imagenet,0.030228300113230945,0.002038045367444189,2702,512,1383424
phoneme,5,feature_extraction,random,0.9671229332064589,0.006322070502644028,2702,512,1383424
phoneme,5,hscore,random,0.09647054011002183,0.0036566050558026796,2702,512,1383424
phoneme,5,transrate,random,0.034199379943311216,0.001377595060200302,2702,512,1383424
phoneme,6,complexity_22,raw_tabular,4.264364466847231,0.018961863218805424,2702,5,13510
phoneme,6,complexity_l2,raw_tabular,0.001410566425571839,8.170028024567357e-05,2702,5,13510
phoneme,6,complexity_density,raw_tabular,0.33018479992945987,0.002676441037898053,2702,5,13510
phoneme,6,encoding,shared,1.089769866783172,0.018539984446998746,2702,5,13510
phoneme,6,feature_extraction,imagenet,0.9410287666444977,0.005374504922921396,2702,512,1383424
phoneme,6,hscore,imagenet,0.09685116009786725,0.005256749906757938,2702,512,1383424
phoneme,6,transrate,imagenet,0.03554175989702344,0.0027576952183334343,2702,512,1383424
phoneme,6,feature_extraction,random,0.9428088331284622,0.009507102856445501,2702,512,1383424
phoneme,6,hscore,random,0.10399734005331993,0.005405129694506159,2702,512,1383424
phoneme,6,transrate,random,0.036474179849028586,0.0029231864402518076,2702,512,1383424
phoneme,7,complexity_22,raw_tabular,4.26158279987673,0.022037963809635366,2702,5,13510
phoneme,7,complexity_l2,raw_tabular,0.0014055332479377587,0.0001297987582470522,2702,5,13510
phoneme,7,complexity_density,raw_tabular,0.310339600003014,0.00307242278628041,2702,5,13510
phoneme,7,encoding,shared,1.0799376000650227,0.007621700592692434,2702,5,13510
phoneme,7,feature_extraction,imagenet,0.9466923667738835,0.002702264630235835,2702,512,1383424
phoneme,7,hscore,imagenet,0.09321326008066536,0.0016076907296433576,2702,512,1383424
phoneme,7,transrate,imagenet,0.03153921980410814,0.0025920528143111147,2702,512,1383424
phoneme,7,feature_extraction,random,0.9440504666417837,0.0042167796229114545,2702,512,1383424
phoneme,7,hscore,random,0.09721854003146291,0.003415576545874736,2702,512,1383424
phoneme,7,transrate,random,0.034843260142952207,0.0034048430591622466,2702,512,1383424
phoneme,8,complexity_22,raw_tabular,4.280104533148308,0.014390777446017824,2702,5,13510
phoneme,8,complexity_l2,raw_tabular,0.001531566648433606,3.8478109044095815e-05,2702,5,13510
phoneme,8,complexity_density,raw_tabular,0.3196709332987666,0.004059105570177724,2702,5,13510
phoneme,8,encoding,shared,1.095284399886926,0.007694352215021239,2702,5,13510
phoneme,8,feature_extraction,imagenet,1.0441612334301074,0.07500869695497138,2702,512,1383424
phoneme,8,hscore,imagenet,0.09514308013021947,0.005076939350275181,2702,512,1383424
phoneme,8,transrate,imagenet,0.034493299946188924,0.0034758439015447062,2702,512,1383424
phoneme,8,feature_extraction,random,1.0796106335086126,0.0077465342464224565,2702,512,1383424
phoneme,8,hscore,random,0.09726011985912919,0.004126711981421493,2702,512,1383424
phoneme,8,transrate,random,0.029727280046790837,0.0019650191878332855,2702,512,1383424
phoneme,9,complexity_22,raw_tabular,4.262302500195801,0.020294003246442933,2702,5,13510
phoneme,9,complexity_l2,raw_tabular,0.001328300063808759,4.59645174264128e-05,2702,5,13510
phoneme,9,complexity_density,raw_tabular,0.3268729999351005,0.006087003470362959,2702,5,13510
phoneme,9,encoding,shared,1.094889166764915,0.021297988290302314,2702,5,13510
phoneme,9,feature_extraction,imagenet,0.9818487999339899,0.010602802609293275,2702,512,1383424
phoneme,9,hscore,imagenet,0.0950318000279367,0.004392744573807792,2702,512,1383424
phoneme,9,transrate,imagenet,0.03260148009285331,0.002269985525176708,2702,512,1383424
phoneme,9,feature_extraction,random,0.9862471333084007,0.005205593676699615,2702,512,1383424
phoneme,9,hscore,random,0.09778792010620237,0.0023098330074074478,2702,512,1383424
phoneme,9,transrate,random,0.03444475987926125,0.00251446496474696,2702,512,1383424
pima,0,complexity_22,raw_tabular,0.1307959334614376,0.0010343680001897568,384,8,3072
pima,0,complexity_l2,raw_tabular,0.0011189666887124379,3.9009213991173426e-05,384,8,3072
pima,0,complexity_density,raw_tabular,0.010410966662069162,0.0003009613550114124,384,8,3072
pima,0,encoding,shared,0.14664330007508397,0.001488198162338849,384,8,3072
pima,0,feature_extraction,imagenet,0.13529039981464544,0.0016252430791535953,384,512,196608
pima,0,hscore,imagenet,0.07814689995720983,0.0014444627077987173,384,512,196608
pima,0,transrate,imagenet,0.01224235985428095,0.0004179118634301869,384,512,196608
pima,0,feature_extraction,random,0.13741563307121396,0.0028599079918145043,384,512,196608
pima,0,hscore,random,0.07660159999504686,0.002338800203029506,384,512,196608
pima,0,transrate,random,0.014300880022346973,0.0024657118896238045,384,512,196608
pima,1,complexity_22,raw_tabular,0.12006856671844919,0.0014857681198857501,384,8,3072
pima,1,complexity_l2,raw_tabular,0.0010099002781013648,3.295412919522772e-06,384,8,3072
pima,1,complexity_density,raw_tabular,0.01026869984343648,0.0001405260656325034,384,8,3072
pima,1,encoding,shared,0.1475463667884469,0.002444769740185954,384,8,3072
pima,1,feature_extraction,imagenet,0.13562656675154963,0.002438607545331507,384,512,196608
pima,1,hscore,imagenet,0.07700246013700962,0.002041384058018333,384,512,196608
pima,1,transrate,imagenet,0.015146959945559502,0.006932475443411988,384,512,196608
pima,1,feature_extraction,random,0.14039979999264082,0.003943891721788262,384,512,196608
pima,1,hscore,random,0.07255383990705014,0.005111315097260049,384,512,196608
pima,1,transrate,random,0.011907720193266868,0.0001908268990160882,384,512,196608
pima,2,complexity_22,raw_tabular,0.12408060006176432,0.003962908753530703,384,8,3072
pima,2,complexity_l2,raw_tabular,0.0009892334540685017,2.276757665629663e-05,384,8,3072
pima,2,complexity_density,raw_tabular,0.010251633357256651,2.780693778712641e-05,384,8,3072
pima,2,encoding,shared,0.14454936686282358,0.0020262490857310364,384,8,3072
pima,2,feature_extraction,imagenet,0.13571689991901317,0.002840100619436,384,512,196608
pima,2,hscore,imagenet,0.0718882001005113,0.006478176875172962,384,512,196608
pima,2,transrate,imagenet,0.013201660010963678,0.0009990564501420028,384,512,196608
pima,2,feature_extraction,random,0.13414259999990463,0.001963957157224842,384,512,196608
pima,2,hscore,random,0.07108330000191927,0.0069892035706572535,384,512,196608
pima,2,transrate,random,0.015429560001939535,0.004797993398652017,384,512,196608
pima,3,complexity_22,raw_tabular,0.12664103337253133,0.002094308512916922,384,8,3072
pima,3,complexity_l2,raw_tabular,0.0010734332414964836,1.2138552883417103e-05,384,8,3072
pima,3,complexity_density,raw_tabular,0.010488966790338358,0.00026616792562717456,384,8,3072
pima,3,encoding,shared,0.15299856678272286,0.000949667762387878,384,8,3072
pima,3,feature_extraction,imagenet,0.13638003325710693,0.004590938549179053,384,512,196608
pima,3,hscore,imagenet,0.07647925987839699,0.0017448456461377133,384,512,196608
pima,3,transrate,imagenet,0.012841800134629012,0.0026124627088638503,384,512,196608
pima,3,feature_extraction,random,0.13632620017354688,0.0031843623996587285,384,512,196608
pima,3,hscore,random,0.0721557599492371,0.004071015968686586,384,512,196608
pima,3,transrate,random,0.012375440075993538,0.0006051834523175807,384,512,196608
pima,4,complexity_22,raw_tabular,0.1239942666143179,0.0015636791382102721,384,8,3072
pima,4,complexity_l2,raw_tabular,0.0010176667322715123,2.1572169347593955e-05,384,8,3072
pima,4,complexity_density,raw_tabular,0.010427433376510939,9.133579932217662e-05,384,8,3072
pima,4,encoding,shared,0.15002570006375512,0.0020922278286748617,384,8,3072
pima,4,feature_extraction,imagenet,0.14377706668650111,0.002597279681397063,384,512,196608
pima,4,hscore,imagenet,0.07097082007676363,0.0017776076719390119,384,512,196608
pima,4,transrate,imagenet,0.012678719963878394,0.0014890176287031993,384,512,196608
pima,4,feature_extraction,random,0.14153410013144216,0.0056503158311748325,384,512,196608
pima,4,hscore,random,0.06898290012031794,0.0014918457216123652,384,512,196608
pima,4,transrate,random,0.013049180060625077,0.0007118152750984096,384,512,196608
pima,5,complexity_22,raw_tabular,0.12374953320249915,0.0010476143027706836,384,8,3072
pima,5,complexity_l2,raw_tabular,0.0009827334433794022,1.2499336100405513e-06,384,8,3072
pima,5,complexity_density,raw_tabular,0.010478966558972994,0.00033620661927897193,384,8,3072
pima,5,encoding,shared,0.1485537332482636,0.0016397079541701442,384,8,3072
pima,5,feature_extraction,imagenet,0.13376870021844903,0.0010401921578557345,384,512,196608
pima,5,hscore,imagenet,0.07234762003645301,0.002355002420112364,384,512,196608
pima,5,transrate,imagenet,0.01468299999833107,0.004005145384759221,384,512,196608
pima,5,feature_extraction,random,0.1327298334799707,6.30045079057972e-05,384,512,196608
pima,5,hscore,random,0.07343860007822514,0.002509836892402978,384,512,196608
pima,5,transrate,random,0.013671279978007078,0.0026505828275934216,384,512,196608
pima,6,complexity_22,raw_tabular,0.1209422666579485,0.000204959554321465,384,8,3072
pima,6,complexity_l2,raw_tabular,0.0009447333092490832,6.206728205360032e-05,384,8,3072
pima,6,complexity_density,raw_tabular,0.010473466633508602,0.0002241281708800223,384,8,3072
pima,6,encoding,shared,0.1481637998173634,0.000661350324548751,384,8,3072
pima,6,feature_extraction,imagenet,0.13748186671485504,0.0013903909018526445,384,512,196608
pima,6,hscore,imagenet,0.07401005998253822,0.003882566851072315,384,512,196608
pima,6,transrate,imagenet,0.01310104001313448,0.002493854559809316,384,512,196608
pima,6,feature_extraction,random,0.14407816668972373,0.007950908004988252,384,512,196608
pima,6,hscore,random,0.0732068800367415,0.001930870056311499,384,512,196608
pima,6,transrate,random,0.012298680003732443,0.0006152826630902337,384,512,196608
pima,7,complexity_22,raw_tabular,0.12685949991767606,0.001429103347894275,384,8,3072
pima,7,complexity_l2,raw_tabular,0.0010844666200379531,0.00012905845210850697,384,8,3072
pima,7,complexity_density,raw_tabular,0.01066826656460762,0.0004192851649156702,384,8,3072
pima,7,encoding,shared,0.15341833342487612,0.0020814746559768412,384,8,3072
pima,7,feature_extraction,imagenet,0.1390083998752137,0.003434072887181655,384,512,196608
pima,7,hscore,imagenet,0.07748825997114181,0.004374757103971282,384,512,196608
pima,7,transrate,imagenet,0.014860899932682515,0.0032294916771550444,384,512,196608
pima,7,feature_extraction,random,0.14285256682584682,0.006775546901773408,384,512,196608
pima,7,hscore,random,0.07421405995264649,0.005363669940945895,384,512,196608
pima,7,transrate,random,0.011197740118950606,0.0005060749570168001,384,512,196608
pima,8,complexity_22,raw_tabular,0.13270213330785433,0.01620798062411656,384,8,3072
pima,8,complexity_l2,raw_tabular,0.000972166812668244,7.240709592660458e-05,384,8,3072
pima,8,complexity_density,raw_tabular,0.010226600182553133,0.00017643038130854191,384,8,3072
pima,8,encoding,shared,0.14661886651689807,0.0009890439351490548,384,8,3072
pima,8,feature_extraction,imagenet,0.14710229992245635,0.008547523419020474,384,512,196608
pima,8,hscore,imagenet,0.07155487993732094,0.002179074825404094,384,512,196608
pima,8,transrate,imagenet,0.012285760045051575,0.00042769595603422305,384,512,196608
pima,8,feature_extraction,random,0.13788953345889846,0.007373400193703205,384,512,196608
pima,8,hscore,random,0.073556839954108,0.002077656545053182,384,512,196608
pima,8,transrate,random,0.015303179994225502,0.003912957346534238,384,512,196608
pima,9,complexity_22,raw_tabular,0.12792246649041772,0.0017506236720065344,384,8,3072
pima,9,complexity_l2,raw_tabular,0.0011072334212561448,5.566785499714535e-05,384,8,3072
pima,9,complexity_density,raw_tabular,0.011260799753169218,0.0005948403784055661,384,8,3072
pima,9,encoding,shared,0.14927003346383572,0.0027933919616437183,384,8,3072
pima,9,feature_extraction,imagenet,0.14172926669319472,0.00425593362880473,384,512,196608
pima,9,hscore,imagenet,0.07245475994423031,0.00322335514273856,384,512,196608
pima,9,transrate,imagenet,0.011586359981447459,0.0004439873545236321,384,512,196608
pima,9,feature_extraction,random,0.1323391000429789,5.597858201637226e-05,384,512,196608
pima,9,hscore,random,0.08044168008491397,0.004910310138643333,384,512,196608
pima,9,transrate,random,0.013247859850525855,0.000994089969733936,384,512,196608
ring,0,complexity_22,raw_tabular,12.888221033227941,0.04947063440796238,3700,20,74000
ring,0,complexity_l2,raw_tabular,0.009087500007202228,0.00023425784702475007,3700,20,74000
ring,0,complexity_density,raw_tabular,0.8095608331883947,0.009765248817933572,3700,20,74000
ring,0,encoding,shared,2.0825905332652233,0.14292166170080786,3700,20,74000
ring,0,feature_extraction,imagenet,1.348454633417229,0.011447533661603866,3700,512,1894400
ring,0,hscore,imagenet,0.10148340007290244,0.0016475515859051741,3700,512,1894400
ring,0,transrate,imagenet,0.04254725994542241,0.001606537746320618,3700,512,1894400
ring,0,feature_extraction,random,1.3082906000005703,0.014799753771462735,3700,512,1894400
ring,0,hscore,random,0.10952840009704232,0.004328524050850995,3700,512,1894400
ring,0,transrate,random,0.04524858007207513,0.004654827938206846,3700,512,1894400
ring,1,complexity_22,raw_tabular,12.244192000168065,0.03462441571059132,3700,20,74000
ring,1,complexity_l2,raw_tabular,0.013117133329312006,0.0001652963271857294,3700,20,74000
ring,1,complexity_density,raw_tabular,0.8020291333086789,0.00913736629760209,3700,20,74000
ring,1,encoding,shared,1.871015900125106,0.13905626680549077,3700,20,74000
ring,1,feature_extraction,imagenet,1.4920334666967392,0.005610627934450121,3700,512,1894400
ring,1,hscore,imagenet,0.10686532007530332,0.0024374359372434764,3700,512,1894400
ring,1,transrate,imagenet,0.03867770005017519,0.0006067371015240014,3700,512,1894400
ring,1,feature_extraction,random,1.47782583332931,0.04723093628256111,3700,512,1894400
ring,1,hscore,random,0.1038056400604546,0.0046649694839757515,3700,512,1894400
ring,1,transrate,random,0.04232424013316631,0.002238657226652877,3700,512,1894400
ring,2,complexity_22,raw_tabular,12.259213833138347,0.013092108478351842,3700,20,74000
ring,2,complexity_l2,raw_tabular,0.009981300060947737,0.0004984868736959277,3700,20,74000
ring,2,complexity_density,raw_tabular,0.8348524665149549,0.02270565015094262,3700,20,74000
ring,2,encoding,shared,1.7958527998998761,0.12545308411447242,3700,20,74000
ring,2,feature_extraction,imagenet,1.3059213332210977,0.011963825022694375,3700,512,1894400
ring,2,hscore,imagenet,0.10197271993383765,0.004359592903362539,3700,512,1894400
ring,2,transrate,imagenet,0.04512971993535757,0.001509910008003548,3700,512,1894400
ring,2,feature_extraction,random,1.3084795333755512,0.012600514794333335,3700,512,1894400
ring,2,hscore,random,0.11561791989952326,0.0022471335647445954,3700,512,1894400
ring,2,transrate,random,0.04232017984613776,0.001578711582590999,3700,512,1894400
ring,3,complexity_22,raw_tabular,12.666081699853143,0.09035393149335584,3700,20,74000
ring,3,complexity_l2,raw_tabular,0.00876793342952927,0.0004411429739346554,3700,20,74000
ring,3,complexity_density,raw_tabular,0.8221951997838914,0.005522380429380803,3700,20,74000
ring,3,encoding,shared,1.6436601335493226,0.0996605157135648,3700,20,74000
ring,3,feature_extraction,imagenet,1.322893066642185,0.02304739900126191,3700,512,1894400
ring,3,hscore,imagenet,0.1091668801382184,0.0021782657775527648,3700,512,1894400
ring,3,transrate,imagenet,0.0452937800437212,0.0029624855578705006,3700,512,1894400
ring,3,feature_extraction,random,1.3405524999834597,0.011321030877967778,3700,512,1894400
ring,3,hscore,random,0.1082867600955069,0.0017512536972086967,3700,512,1894400
ring,3,transrate,random,0.04094584006816149,0.0027285715209746843,3700,512,1894400
ring,4,complexity_22,raw_tabular,12.702383633392552,0.02544746864752855,3700,20,74000
ring,4,complexity_l2,raw_tabular,0.009942466703553995,0.0003044667259996813,3700,20,74000
ring,4,complexity_density,raw_tabular,0.8197649999832114,0.006594442791217108,3700,20,74000
ring,4,encoding,shared,1.721286099869758,0.13067172067548014,3700,20,74000
ring,4,feature_extraction,imagenet,1.3559726669142644,0.00577342547732804,3700,512,1894400
ring,4,hscore,imagenet,0.10352036003023386,0.0030528303576695046,3700,512,1894400
ring,4,transrate,imagenet,0.04380683992058039,0.002293618758628356,3700,512,1894400
ring,4,feature_extraction,random,1.3477567333417635,0.006076944608849747,3700,512,1894400
ring,4,hscore,random,0.1029164801351726,0.0022732756310495567,3700,512,1894400
ring,4,transrate,random,0.04006321988999843,0.0021881620934150075,3700,512,1894400
ring,5,complexity_22,raw_tabular,13.371963266593715,0.09274817494544453,3700,20,74000
ring,5,complexity_l2,raw_tabular,0.011403266650935015,6.630506038383146e-05,3700,20,74000
ring,5,complexity_density,raw_tabular,0.8246621334304413,0.005394253376797086,3700,20,74000
ring,5,encoding,shared,1.7074559334044654,0.07905069812602261,3700,20,74000
ring,5,feature_extraction,imagenet,1.3511340667804081,0.056892311363863815,3700,512,1894400
ring,5,hscore,imagenet,0.10364407990127802,0.004613772002914977,3700,512,1894400
ring,5,transrate,imagenet,0.04209783999249339,0.001677989314775268,3700,512,1894400
ring,5,feature_extraction,random,1.3538684332743287,0.010362953651876478,3700,512,1894400
ring,5,hscore,random,0.10823127999901772,0.002638764415966853,3700,512,1894400
ring,5,transrate,random,0.04421212011948228,0.0028557775314543626,3700,512,1894400
ring,6,complexity_22,raw_tabular,12.879684166672329,0.10538752190637611,3700,20,74000
ring,6,complexity_l2,raw_tabular,0.008955799974501133,0.00047035097451632134,3700,20,74000
ring,6,complexity_density,raw_tabular,0.8477475998612741,0.004539728440652865,3700,20,74000
ring,6,encoding,shared,1.638118533262362,0.07640926441610392,3700,20,74000
ring,6,feature_extraction,imagenet,1.4833808665474255,0.027683502587106654,3700,512,1894400
ring,6,hscore,imagenet,0.102308139950037,0.0033886250719527113,3700,512,1894400
ring,6,transrate,imagenet,0.039477600064128635,0.0023090902343843056,3700,512,1894400
ring,6,feature_extraction,random,1.4397629333349566,0.01945055329844027,3700,512,1894400
ring,6,hscore,random,0.10763094015419483,0.0032989446981496716,3700,512,1894400
ring,6,transrate,random,0.04276471994817257,0.0013159151579208747,3700,512,1894400
ring,7,complexity_22,raw_tabular,13.803927666662881,0.09680872453607292,3700,20,74000
ring,7,complexity_l2,raw_tabular,0.009066700004041195,0.0001240884746221751,3700,20,74000
ring,7,complexity_density,raw_tabular,0.8343074666336179,0.008684888551598925,3700,20,74000
ring,7,encoding,shared,1.6590780665477116,0.03261983894737771,3700,20,74000
ring,7,feature_extraction,imagenet,1.2996181333437562,0.005033724114982151,3700,512,1894400
ring,7,hscore,imagenet,0.10708779999986291,0.00552908766726905,3700,512,1894400
ring,7,transrate,imagenet,0.041052419878542426,0.001038236987601508,3700,512,1894400
ring,7,feature_extraction,random,1.2966654331733782,0.007096546093138354,3700,512,1894400
ring,7,hscore,random,0.10704668005928397,0.005539458357007453,3700,512,1894400
ring,7,transrate,random,0.041496699955314395,0.0013879558075413664,3700,512,1894400
ring,8,complexity_22,raw_tabular,13.005747999995947,0.06093328962217304,3700,20,74000
ring,8,complexity_l2,raw_tabular,0.008482433389872313,0.0005554956600766887,3700,20,74000
ring,8,complexity_density,raw_tabular,0.8351811333559453,0.006833425037046853,3700,20,74000
ring,8,encoding,shared,1.585165366685639,0.06612590368577258,3700,20,74000
ring,8,feature_extraction,imagenet,1.351727700016151,0.01623101192799145,3700,512,1894400
ring,8,hscore,imagenet,0.10501089999452233,0.003230638223153774,3700,512,1894400
ring,8,transrate,imagenet,0.043580460175871846,0.0031191335069273344,3700,512,1894400
ring,8,feature_extraction,random,1.339898966718465,0.011277700915188444,3700,512,1894400
ring,8,hscore,random,0.11169875990599394,0.0027760316205809707,3700,512,1894400
ring,8,transrate,random,0.04692013999447227,0.003917436402196133,3700,512,1894400
ring,9,complexity_22,raw_tabular,13.392416866651425,0.04335906591330013,3700,20,74000
ring,9,complexity_l2,raw_tabular,0.011339166822532812,0.0031082816540610675,3700,20,74000
ring,9,complexity_density,raw_tabular,0.8363460999292632,0.007561947755768283,3700,20,74000
ring,9,encoding,shared,1.6055458664583664,0.0450770267782354,3700,20,74000
ring,9,feature_extraction,imagenet,1.3610992664471269,0.034982575529226095,3700,512,1894400
ring,9,hscore,imagenet,0.10838090004399419,0.003305291618663135,3700,512,1894400
ring,9,transrate,imagenet,0.047223659977316854,0.003925307727556874,3700,512,1894400
ring,9,feature_extraction,random,1.380705533393969,0.02010323900557212,3700,512,1894400
ring,9,hscore,random,0.10699281990528106,0.00425943914772069,3700,512,1894400
ring,9,transrate,random,0.041482200007885696,0.0022077417906497887,3700,512,1894400
sonar,0,complexity_22,raw_tabular,0.0951876334535579,0.00851457309974828,104,60,6240
sonar,0,complexity_l2,raw_tabular,0.0006853998638689518,2.8543632390805918e-05,104,60,6240
sonar,0,complexity_density,raw_tabular,0.0028964333857099214,9.88065214450187e-06,104,60,6240
sonar,0,encoding,shared,0.05007243327175578,0.001325388731396698,104,60,6240
sonar,0,feature_extraction,imagenet,0.03623999981209636,7.398191553342618e-05,104,512,53248
sonar,0,hscore,imagenet,0.056656500045210126,0.0029367936078058244,104,512,53248
sonar,0,transrate,imagenet,0.010091520007699728,0.0006274548877070163,104,512,53248
sonar,0,feature_extraction,random,0.03624613334735235,0.00010362528817155895,104,512,53248
sonar,0,hscore,random,0.05944434003904462,0.004287056340152069,104,512,53248
sonar,0,transrate,random,0.013776200078427791,0.003332865106410964,104,512,53248
sonar,1,complexity_22,raw_tabular,0.08672236651182175,0.001237879159287373,104,60,6240
sonar,1,complexity_l2,raw_tabular,0.0006204666569828987,7.159890901381375e-06,104,60,6240
sonar,1,complexity_density,raw_tabular,0.002862166613340378,2.12562009509198e-05,104,60,6240
sonar,1,encoding,shared,0.0473297000862658,0.0011449724429053291,104,60,6240
sonar,1,feature_extraction,imagenet,0.03661806664119164,0.0006090273516543086,104,512,53248
sonar,1,hscore,imagenet,0.06475460007786751,0.006044995643109643,104,512,53248
sonar,1,transrate,imagenet,0.010792279988527298,0.0011042632416003203,104,512,53248
sonar,1,feature_extraction,random,0.03836736657346288,0.0014664741613862977,104,512,53248
sonar,1,hscore,random,0.05994672002270818,0.0021056408395394785,104,512,53248
sonar,1,transrate,random,0.010937780048698187,0.0008781454310120996,104,512,53248
sonar,2,complexity_22,raw_tabular,0.08874849990631144,0.003459072805199957,104,60,6240
sonar,2,complexity_l2,raw_tabular,0.0006421334110200405,1.3570597264580525e-05,104,60,6240
sonar,2,complexity_density,raw_tabular,0.002925800159573555,4.614596364934043e-05,104,60,6240
sonar,2,encoding,shared,0.04644816663737098,0.00045382636606747386,104,60,6240
sonar,2,feature_extraction,imagenet,0.036135633320858083,0.00010787382744403392,104,512,53248
sonar,2,hscore,imagenet,0.06235560001805425,0.006344755601508111,104,512,53248
sonar,2,transrate,imagenet,0.014255900122225284,0.0053413763706495416,104,512,53248
sonar,2,feature_extraction,random,0.036777600180357695,0.0008814958538211144,104,512,53248
sonar,2,hscore,random,0.06029569990932941,0.0021949348351895472,104,512,53248
sonar,2,transrate,random,0.013085499964654445,0.005079689267586465,104,512,53248
sonar,3,complexity_22,raw_tabular,0.08912686662127574,0.0012550218855033382,104,60,6240
sonar,3,complexity_l2,raw_tabular,0.0006538666784763336,1.1787530594562027e-05,104,60,6240
sonar,3,complexity_density,raw_tabular,0.0028742998838424683,1.5276781026431172e-05,104,60,6240
sonar,3,encoding,shared,0.04832260015731057,0.0005715506914195743,104,60,6240
sonar,3,feature_extraction,imagenet,0.03911276658376058,0.0028698596278212414,104,512,53248
sonar,3,hscore,imagenet,0.06189389992505312,0.004386461374712609,104,512,53248
sonar,3,transrate,imagenet,0.011150019988417626,0.001257281827477847,104,512,53248
sonar,3,feature_extraction,random,0.03849476668983698,0.0015403044298132184,104,512,53248
sonar,3,hscore,random,0.0614767000079155,0.006951543073484549,104,512,53248
sonar,3,transrate,random,0.011724179890006781,0.004285435043144238,104,512,53248
sonar,4,complexity_22,raw_tabular,0.09766746669386824,0.0034405768880830076,104,60,6240
sonar,4,complexity_l2,raw_tabular,0.0006614333639542261,2.1882299345146278e-05,104,60,6240
sonar,4,complexity_density,raw_tabular,0.002882000058889389,8.035988958232745e-06,104,60,6240
sonar,4,encoding,shared,0.04803156666457653,0.0003173782635739362,104,60,6240
sonar,4,feature_extraction,imagenet,0.0364844665552179,0.00017355227146649443,104,512,53248
sonar,4,hscore,imagenet,0.057640540041029455,0.0010091322053678883,104,512,53248
sonar,4,transrate,imagenet,0.01318675996735692,0.003620084338011185,104,512,53248
sonar,4,feature_extraction,random,0.03800979986165961,0.001218882718233026,104,512,53248
sonar,4,hscore,random,0.060205379873514174,0.002358323781957393,104,512,53248
sonar,4,transrate,random,0.010449359938502312,0.0006320557518224902,104,512,53248
sonar,5,complexity_22,raw_tabular,0.0904333667519192,0.0013414763937834632,104,60,6240
sonar,5,complexity_l2,raw_tabular,0.0006413334049284458,8.806089295018587e-06,104,60,6240
sonar,5,complexity_density,raw_tabular,0.002839366594950358,1.2289469880041144e-05,104,60,6240
sonar,5,encoding,shared,0.047273266750077404,0.0007399062649403492,104,60,6240
sonar,5,feature_extraction,imagenet,0.036221399903297424,0.00014303178845416356,104,512,53248
sonar,5,hscore,imagenet,0.06355448001995682,0.005114246502455618,104,512,53248
sonar,5,transrate,imagenet,0.009375680051743985,0.0007164971663251465,104,512,53248
sonar,5,feature_extraction,random,0.041154499941815935,0.0035424836920834317,104,512,53248
sonar,5,hscore,random,0.05964343994855881,0.004587473615580451,104,512,53248
sonar,5,transrate,random,0.01283581992611289,0.0025524971437150662,104,512,53248
sonar,6,complexity_22,raw_tabular,0.09105993341654539,0.004255636992793018,104,60,6240
sonar,6,complexity_l2,raw_tabular,0.0006316667422652245,1.5726877995994042e-05,104,60,6240
sonar,6,complexity_density,raw_tabular,0.002819799973318974,4.477188626046145e-06,104,60,6240
sonar,6,encoding,shared,0.04665179985264937,0.0011496146132253028,104,60,6240
sonar,6,feature_extraction,imagenet,0.036200866724054016,3.0336243062700178e-05,104,512,53248
sonar,6,hscore,imagenet,0.059286680072546005,0.003319314979042509,104,512,53248
sonar,6,transrate,imagenet,0.011359180137515069,0.0010411098356855337,104,512,53248
sonar,6,feature_extraction,random,0.036647533221791186,0.00036709062400555,104,512,53248
sonar,6,hscore,random,0.06133817993104458,0.005240321459089854,104,512,53248
sonar,6,transrate,random,0.010815199930220842,0.0016956305399171297,104,512,53248
sonar,7,complexity_22,raw_tabular,0.08789263324191172,0.0009499655587250639,104,60,6240
sonar,7,complexity_l2,raw_tabular,0.0006950000921885172,1.4670617785524841e-05,104,60,6240
sonar,7,complexity_density,raw_tabular,0.0028264333183566728,1.0815111395061174e-05,104,60,6240
sonar,7,encoding,shared,0.04837856659044822,0.0013789619657100783,104,60,6240
sonar,7,feature_extraction,imagenet,0.039840733322004475,0.0029736771328111554,104,512,53248
sonar,7,hscore,imagenet,0.05764475986361504,0.0023020885570645766,104,512,53248
sonar,7,transrate,imagenet,0.010011459980159999,0.0006290047370360313,104,512,53248
sonar,7,feature_extraction,random,0.03987996683766445,0.004023759384658147,104,512,53248
sonar,7,hscore,random,0.06117489989846945,0.005922375038202912,104,512,53248
sonar,7,transrate,random,0.014769400004297495,0.005704541843767773,104,512,53248
sonar,8,complexity_22,raw_tabular,0.08846386661753058,0.0009459306799417962,104,60,6240
sonar,8,complexity_l2,raw_tabular,0.0006515335602064928,2.542129233260383e-05,104,60,6240
sonar,8,complexity_density,raw_tabular,0.0028776333977778754,1.006667830538296e-05,104,60,6240
sonar,8,encoding,shared,0.0460789332476755,0.0007534485904456743,104,60,6240
sonar,8,feature_extraction,imagenet,0.03968343340481321,0.0034706490835893808,104,512,53248
sonar,8,hscore,imagenet,0.062852300144732,0.00595442141757433,104,512,53248
sonar,8,transrate,imagenet,0.011355780065059662,0.001419940657074536,104,512,53248
sonar,8,feature_extraction,random,0.037425266578793526,0.0017584611991420234,104,512,53248
sonar,8,hscore,random,0.06515817986801267,0.00299981429689541,104,512,53248
sonar,8,transrate,random,0.010199820064008236,0.0004367175477279348,104,512,53248
sonar,9,complexity_22,raw_tabular,0.09258543342972796,0.002845991800218648,104,60,6240
sonar,9,complexity_l2,raw_tabular,0.0007684334802130858,6.0754979022559224e-05,104,60,6240
sonar,9,complexity_density,raw_tabular,0.002970733524610599,0.0001011549817489144,104,60,6240
sonar,9,encoding,shared,0.04923716653138399,0.0011715047298483145,104,60,6240
sonar,9,feature_extraction,imagenet,0.040512333158403635,0.003829290810446511,104,512,53248
sonar,9,hscore,imagenet,0.06528125992044806,0.0027523019660013045,104,512,53248
sonar,9,transrate,imagenet,0.009580660052597523,0.00036133936209092584,104,512,53248
sonar,9,feature_extraction,random,0.036745933505396046,0.0009861819463710965,104,512,53248
sonar,9,hscore,random,0.06208354001864791,0.004581766848499801,104,512,53248
sonar,9,transrate,random,0.013106799963861705,0.002475031325291444,104,512,53248
spambase,0,complexity_22,raw_tabular,20.683449999894947,0.05543155855961706,2300,57,131100
spambase,0,complexity_l2,raw_tabular,0.017805633290360372,0.0010874185376503408,2300,57,131100
spambase,0,complexity_density,raw_tabular,0.522377833413581,0.008936866660181167,2300,57,131100
spambase,0,encoding,shared,0.9404152000012497,0.01861458771933679,2300,57,131100
spambase,0,feature_extraction,imagenet,0.904082499910146,0.01188970558397382,2300,512,1177600
spambase,0,hscore,imagenet,0.09547891989350318,0.001295565455024285,2300,512,1177600
spambase,0,transrate,imagenet,0.030920579843223096,0.0026307717687530474,2300,512,1177600
spambase,0,feature_extraction,random,0.9180796000485619,0.013141618340893516,2300,512,1177600
spambase,0,hscore,random,0.09353240001946687,0.0050079450804662905,2300,512,1177600
spambase,0,transrate,random,0.0336421400308609,0.0007921059701471562,2300,512,1177600
spambase,1,complexity_22,raw_tabular,20.318570133298635,0.018859490752592592,2301,57,131157
spambase,1,complexity_l2,raw_tabular,0.012848599969098965,0.0006931527013852966,2301,57,131157
spambase,1,complexity_density,raw_tabular,0.5279290333079795,0.001991410546705049,2301,57,131157
spambase,1,encoding,shared,0.9701174333070716,0.04107576194490509,2301,57,131157
spambase,1,feature_extraction,imagenet,0.8120776331052184,0.007250079174725685,2301,512,1178112
spambase,1,hscore,imagenet,0.09139545988291502,0.002326372456745748,2301,512,1178112
spambase,1,transrate,imagenet,0.03378582000732422,0.0060147029654976395,2301,512,1178112
spambase,1,feature_extraction,random,0.8228089000719289,0.014258833983450351,2301,512,1178112
spambase,1,hscore,random,0.09790987996384501,0.002894422780276806,2301,512,1178112
spambase,1,transrate,random,0.03200308009982109,0.0030848273179291947,2301,512,1178112
spambase,2,complexity_22,raw_tabular,22.718706833353888,0.11197469232162377,2300,57,131100
spambase,2,complexity_l2,raw_tabular,0.01905913356070717,0.00010349887548173492,2300,57,131100
spambase,2,complexity_density,raw_tabular,0.5374943000885347,0.0022403310294831845,2300,57,131100
spambase,2,encoding,shared,0.9377295334512988,0.016922782239445974,2300,57,131100
spambase,2,feature_extraction,imagenet,0.8421548331777254,0.013572354414698068,2300,512,1177600
spambase,2,hscore,imagenet,0.08995155999436974,0.0012926357137634595,2300,512,1177600
spambase,2,transrate,imagenet,0.03247723998501897,0.0027581282745256196,2300,512,1177600
spambase,2,feature_extraction,random,0.8428709000969926,0.009923831799001333,2300,512,1177600
spambase,2,hscore,random,0.09210646003484727,0.0033847028944887147,2300,512,1177600
spambase,2,transrate,random,0.031902680080384015,0.002511546429656761,2300,512,1177600
spambase,3,complexity_22,raw_tabular,20.329777766795207,0.06682402007786162,2301,57,131157
spambase,3,complexity_l2,raw_tabular,0.014531900019695362,0.0006174644120045331,2301,57,131157
spambase,3,complexity_density,raw_tabular,0.5368439666926861,0.005709438477538237,2301,57,131157
spambase,3,encoding,shared,0.9523823332662383,0.0192938026124749,2301,57,131157
spambase,3,feature_extraction,imagenet,0.8163200666507086,0.01601985086083907,2301,512,1178112
spambase,3,hscore,imagenet,0.09914837991818785,0.0037699126304754226,2301,512,1178112
spambase,3,transrate,imagenet,0.029896659962832927,0.0023513653000118047,2301,512,1178112
spambase,3,feature_extraction,random,0.8181987001250187,0.0011995337210604319,2301,512,1178112
spambase,3,hscore,random,0.09809453999623656,0.0034830367000838877,2301,512,1178112
spambase,3,transrate,random,0.029984020069241522,0.0013708447428701317,2301,512,1178112
spambase,4,complexity_22,raw_tabular,21.63380599984278,0.22038996107435802,2300,57,131100
spambase,4,complexity_l2,raw_tabular,0.016318800083051126,0.0007495806630025427,2300,57,131100
spambase,4,complexity_density,raw_tabular,0.5303811665313939,0.003378135003059699,2300,57,131100
spambase,4,encoding,shared,0.9491569000917176,0.0182270828839746,2300,57,131100
spambase,4,feature_extraction,imagenet,0.8163167666643858,0.003482487274633577,2300,512,1177600
spambase,4,hscore,imagenet,0.09043696010485291,0.004677229829202924,2300,512,1177600
spambase,4,transrate,imagenet,0.031457020156085494,0.0013492080600805718,2300,512,1177600
spambase,4,feature_extraction,random,0.8513406331961354,0.009924856349492594,2300,512,1177600
spambase,4,hscore,random,0.09690144006162882,0.0039193940981719156,2300,512,1177600
spambase,4,transrate,random,0.030243599880486728,0.0009426006796300996,2300,512,1177600
spambase,5,complexity_22,raw_tabular,21.014357499933492,0.15368455061895003,2301,57,131157
spambase,5,complexity_l2,raw_tabular,0.01645430006707708,0.0010968434394299797,2301,57,131157
spambase,5,complexity_density,raw_tabular,0.5259914668276906,0.0023238160471912776,2301,57,131157
spambase,5,encoding,shared,0.9788265998164812,0.010273746888388738,2301,57,131157
spambase,5,feature_extraction,imagenet,0.8465076334153613,0.02957121589198362,2301,512,1178112
spambase,5,hscore,imagenet,0.09149164007976651,0.0024454252180447942,2301,512,1178112
spambase,5,transrate,imagenet,0.031775220017880204,0.004224849193477243,2301,512,1178112
spambase,5,feature_extraction,random,0.8307936998705069,0.021338082692006696,2301,512,1178112
spambase,5,hscore,random,0.09406487988308072,0.0029747881554869926,2301,512,1178112
spambase,5,transrate,random,0.030020579881966113,0.003422006519148093,2301,512,1178112
spambase,6,complexity_22,raw_tabular,20.417514000087976,0.06592156320904924,2300,57,131100
spambase,6,complexity_l2,raw_tabular,0.013532700017094612,0.0002037543424717283,2300,57,131100
spambase,6,complexity_density,raw_tabular,0.5351492332605025,0.0007841179148658848,2300,57,131100
spambase,6,encoding,shared,0.940563533299913,0.005445432904621689,2300,57,131100
spambase,6,feature_extraction,imagenet,0.85407939987878,0.029238935044047263,2300,512,1177600
spambase,6,hscore,imagenet,0.08871647994965315,0.0012009905523327814,2300,512,1177600
spambase,6,transrate,imagenet,0.03370837988331914,0.0006091922650263487,2300,512,1177600
spambase,6,feature_extraction,random,0.8441583666329583,0.012527318822914513,2300,512,1177600
spambase,6,hscore,random,0.09597317995503545,0.005632309040272075,2300,512,1177600
spambase,6,transrate,random,0.03127568000927568,0.0017962150558934599,2300,512,1177600
spambase,7,complexity_22,raw_tabular,21.41728356666863,0.11854803711789134,2301,57,131157
spambase,7,complexity_l2,raw_tabular,0.021863299887627363,5.922034508337178e-05,2301,57,131157
spambase,7,complexity_density,raw_tabular,0.5238131332832078,0.0013271098023731973,2301,57,131157
spambase,7,encoding,shared,0.9291803667632242,0.017454157365217386,2301,57,131157
spambase,7,feature_extraction,imagenet,0.8373498334549367,0.01704069501743777,2301,512,1178112
spambase,7,hscore,imagenet,0.09577758014202117,0.004058143149475765,2301,512,1178112
spambase,7,transrate,imagenet,0.030989379994571208,0.001956820351173404,2301,512,1178112
spambase,7,feature_extraction,random,0.8305088668130338,0.02981586568076833,2301,512,1178112
spambase,7,hscore,random,0.08992927996441721,0.003641173097922848,2301,512,1178112
spambase,7,transrate,random,0.03502778010442853,0.0029735094816974745,2301,512,1178112
spambase,8,complexity_22,raw_tabular,22.120116733325023,0.574999583655182,2300,57,131100
spambase,8,complexity_l2,raw_tabular,0.017280000106741984,0.004569890358833603,2300,57,131100
spambase,8,complexity_density,raw_tabular,0.5538605332064132,0.002532587233941875,2300,57,131100
spambase,8,encoding,shared,0.9380827999363343,0.009595958251131922,2300,57,131100
spambase,8,feature_extraction,imagenet,0.8963627330958843,0.01587169307753309,2300,512,1177600
spambase,8,hscore,imagenet,0.09554716004058719,0.0034644302967707856,2300,512,1177600
spambase,8,transrate,imagenet,0.0298271800391376,0.0008945330688993379,2300,512,1177600
spambase,8,feature_extraction,random,0.8880749333960315,0.008959449425705512,2300,512,1177600
spambase,8,hscore,random,0.10103318002074957,0.0018273142431623607,2300,512,1177600
spambase,8,transrate,random,0.028987400140613316,0.000569651420427153,2300,512,1177600
spambase,9,complexity_22,raw_tabular,22.097088933301468,0.04500538942350607,2301,57,131157
spambase,9,complexity_l2,raw_tabular,0.024317333474755287,0.003352878752168436,2301,57,131157
spambase,9,complexity_density,raw_tabular,0.5758356000296772,0.02891010793774021,2301,57,131157
spambase,9,encoding,shared,0.9558586999773979,0.015412802985701236,2301,57,131157
spambase,9,feature_extraction,imagenet,0.9201160334050655,0.03336320692011948,2301,512,1178112
spambase,9,hscore,imagenet,0.10402715997770429,0.00110396994174849,2301,512,1178112
spambase,9,transrate,imagenet,0.03049253989011049,0.0009428071216930624,2301,512,1178112
spambase,9,feature_extraction,random,0.8904630999701718,0.005722769668128588,2301,512,1178112
spambase,9,hscore,random,0.10145161999389529,0.0018058481402408952,2301,512,1178112
spambase,9,transrate,random,0.026467860024422408,0.0004916166090009157,2301,512,1178112
titanic,0,complexity_22,raw_tabular,1.566265133364747,0.005361562714175863,1100,3,3300
titanic,0,complexity_l2,raw_tabular,0.0007674666121602058,0.00011172355555177894,1100,3,3300
titanic,0,complexity_density,raw_tabular,0.05936256656423211,0.00045765668838786854,1100,3,3300
titanic,0,encoding,shared,0.45331986667588353,0.011869943889320876,1100,3,3300
titanic,0,feature_extraction,imagenet,0.4226022334769368,0.0002883686460078222,1100,512,563200
titanic,0,hscore,imagenet,0.080382139980793,0.006631420949391292,1100,512,563200
titanic,0,transrate,imagenet,0.016176300030201672,0.00041139210555253737,1100,512,563200
titanic,0,feature_extraction,random,0.42694486677646637,0.0027924542066438286,1100,512,563200
titanic,0,hscore,random,0.07911445992067456,0.0024436940468688583,1100,512,563200
titanic,0,transrate,random,0.01819672007113695,0.0009150288500857731,1100,512,563200
titanic,1,complexity_22,raw_tabular,1.7516360332568486,0.06718296693398239,1101,3,3303
titanic,1,complexity_l2,raw_tabular,0.0007843333296477795,0.00026997562758299186,1101,3,3303
titanic,1,complexity_density,raw_tabular,0.05912453324223558,0.0004095056144369232,1101,3,3303
titanic,1,encoding,shared,0.4442632667099436,0.0069295997849397675,1101,3,3303
titanic,1,feature_extraction,imagenet,0.432464433213075,0.007697025796336855,1101,512,563712
titanic,1,hscore,imagenet,0.07904022010043263,0.00156784198365245,1101,512,563712
titanic,1,transrate,imagenet,0.017352919932454823,0.0007172957308813065,1101,512,563712
titanic,1,feature_extraction,random,0.44963626672203344,0.005690899715492511,1101,512,563712
titanic,1,hscore,random,0.08649102002382278,0.0039594766452798824,1101,512,563712
titanic,1,transrate,random,0.018433540035039185,0.0013764700392624638,1101,512,563712
titanic,2,complexity_22,raw_tabular,1.5585935666846733,0.004201454894685004,1100,3,3300
titanic,2,complexity_l2,raw_tabular,0.0006525667073825995,4.2092306461895746e-05,1100,3,3300
titanic,2,complexity_density,raw_tabular,0.06224736679966251,0.0007797291043167451,1100,3,3300
titanic,2,encoding,shared,0.42268699997415143,0.01603432426982424,1100,3,3300
titanic,2,feature_extraction,imagenet,0.4154036999680102,0.012640782371528674,1100,512,563200
titanic,2,hscore,imagenet,0.07326276004314422,0.006088042688565799,1100,512,563200
titanic,2,transrate,imagenet,0.017393080051988363,0.00039892553139006515,1100,512,563200
titanic,2,feature_extraction,random,0.42827896649638814,0.011401238577412284,1100,512,563200
titanic,2,hscore,random,0.06781711997464299,0.0025149244877592015,1100,512,563200
titanic,2,transrate,random,0.020575259905308486,0.0016894033999213674,1100,512,563200
titanic,3,complexity_22,raw_tabular,1.6799916001036763,0.0480248695450268,1101,3,3303
titanic,3,complexity_l2,raw_tabular,0.0009955666027963161,0.00026161170245435464,1101,3,3303
titanic,3,complexity_density,raw_tabular,0.05841219983994961,0.0010066817236820498,1101,3,3303
titanic,3,encoding,shared,0.4222749665689965,0.0014971412518865557,1101,3,3303
titanic,3,feature_extraction,imagenet,0.44403903326019645,0.0022871897510512323,1101,512,563712
titanic,3,hscore,imagenet,0.06973896007984877,0.0025708383759282284,1101,512,563712
titanic,3,transrate,imagenet,0.022017000149935483,0.001970964480209225,1101,512,563712
titanic,3,feature_extraction,random,0.4212951334193349,0.012311602093387233,1101,512,563712
titanic,3,hscore,random,0.07267062002792954,0.0017867811287824702,1101,512,563712
titanic,3,transrate,random,0.020244740042835475,0.0006800876787412708,1101,512,563712
titanic,4,complexity_22,raw_tabular,1.6019288666235905,0.0502666069675395,1100,3,3300
titanic,4,complexity_l2,raw_tabular,0.0006382668701310953,6.1027175340107766e-05,1100,3,3300
titanic,4,complexity_density,raw_tabular,0.06061496678739786,0.0007871675035076007,1100,3,3300
titanic,4,encoding,shared,0.4262378333757321,0.007435561543911481,1100,3,3300
titanic,4,feature_extraction,imagenet,0.4212531999995311,0.010670369109124354,1100,512,563200
titanic,4,hscore,imagenet,0.0761771198362112,0.0011481508412340365,1100,512,563200
titanic,4,transrate,imagenet,0.019743339996784924,0.0003577447587619708,1100,512,563200
titanic,4,feature_extraction,random,0.4077144665643573,0.006974934095249666,1100,512,563200
titanic,4,hscore,random,0.07393533997237682,0.0037747289671447477,1100,512,563200
titanic,4,transrate,random,0.019086419977247714,0.0013492590519026742,1100,512,563200
titanic,5,complexity_22,raw_tabular,1.6067733665307362,0.005374353537600662,1101,3,3303
titanic,5,complexity_l2,raw_tabular,0.0006204332845906416,1.8305758827140363e-05,1101,3,3303
titanic,5,complexity_density,raw_tabular,0.06082039993877212,0.0012438453275758865,1101,3,3303
titanic,5,encoding,shared,0.4349380332666139,0.004596312570322036,1101,3,3303
titanic,5,feature_extraction,imagenet,0.39661206662033993,0.005335696888811238,1101,512,563712
titanic,5,hscore,imagenet,0.07227051984518766,0.003675090396709763,1101,512,563712
titanic,5,transrate,imagenet,0.018706300016492605,0.0008437137585211432,1101,512,563712
titanic,5,feature_extraction,random,0.40665733348578215,0.005464769822478594,1101,512,563712
titanic,5,hscore,random,0.07437966018915176,0.0017117509762280734,1101,512,563712
titanic,5,transrate,random,0.017961119953542947,0.0012258382365182897,1101,512,563712
titanic,6,complexity_22,raw_tabular,1.5794090999600787,0.014870323459464447,1100,3,3300
titanic,6,complexity_l2,raw_tabular,0.0005703330971300602,2.2481917791680993e-05,1100,3,3300
titanic,6,complexity_density,raw_tabular,0.059993133414536715,0.00040927677352004807,1100,3,3300
titanic,6,encoding,shared,0.4320302999888857,0.01078690807722242,1100,3,3300
titanic,6,feature_extraction,imagenet,0.4109913669526577,0.005476526484965314,1100,512,563200
titanic,6,hscore,imagenet,0.07370241992175579,0.002384328703243264,1100,512,563200
titanic,6,transrate,imagenet,0.020841520000249147,0.0010623308392031124,1100,512,563200
titanic,6,feature_extraction,random,0.41378743341192603,0.011814455470278524,1100,512,563200
titanic,6,hscore,random,0.07456739991903305,0.003045377492451332,1100,512,563200
titanic,6,transrate,random,0.018620100058615207,0.0006660705973174104,1100,512,563200
titanic,7,complexity_22,raw_tabular,1.5280153998173773,0.006452785357763677,1101,3,3303
titanic,7,complexity_l2,raw_tabular,0.0005747334410746893,1.3460110086340749e-05,1101,3,3303
titanic,7,complexity_density,raw_tabular,0.0607378000083069,0.001071266693752364,1101,3,3303
titanic,7,encoding,shared,0.4178490998844306,0.0033721399551413,1101,3,3303
titanic,7,feature_extraction,imagenet,0.40523713345949847,0.00838219910405286,1101,512,563712
titanic,7,hscore,imagenet,0.07229310013353825,0.0027134867055145463,1101,512,563712
titanic,7,transrate,imagenet,0.019477340020239355,0.0010210305656341034,1101,512,563712
titanic,7,feature_extraction,random,0.4091680667673548,0.008460102608638867,1101,512,563712
titanic,7,hscore,random,0.07612033998593688,0.0035326418683013544,1101,512,563712
titanic,7,transrate,random,0.01769455997273326,0.00031581487140432195,1101,512,563712
titanic,8,complexity_22,raw_tabular,1.5393460999863844,0.012845516927716745,1100,3,3300
titanic,8,complexity_l2,raw_tabular,0.0005796666567524275,3.0916682749131963e-05,1100,3,3300
titanic,8,complexity_density,raw_tabular,0.05937370005995035,0.0004751843238817552,1100,3,3300
titanic,8,encoding,shared,0.4187281333530943,0.0023536561458627286,1100,3,3300
titanic,8,feature_extraction,imagenet,0.4062738665379584,0.002367763259586793,1100,512,563200
titanic,8,hscore,imagenet,0.07529435995966197,0.003512850354560507,1100,512,563200
titanic,8,transrate,imagenet,0.01990348007529974,0.0012557374230989969,1100,512,563200
titanic,8,feature_extraction,random,0.4041716001617412,0.00240563030367018,1100,512,563200
titanic,8,hscore,random,0.07505315998569131,0.0012148309973635685,1100,512,563200
titanic,8,transrate,random,0.019374560005962847,0.0008200588132556723,1100,512,563200
titanic,9,complexity_22,raw_tabular,1.5433895665531356,0.011395703621207804,1101,3,3303
titanic,9,complexity_l2,raw_tabular,0.0005968666325012842,1.9152336383905755e-05,1101,3,3303
titanic,9,complexity_density,raw_tabular,0.05983446662624677,0.00010040481322469602,1101,3,3303
titanic,9,encoding,shared,0.45909610018134117,0.022910313134729538,1101,3,3303
titanic,9,feature_extraction,imagenet,0.40790960006415844,0.005682503952458875,1101,512,563712
titanic,9,hscore,imagenet,0.07558677988126875,0.0018023223604574001,1101,512,563712
titanic,9,transrate,imagenet,0.019338120054453612,0.00034562534604197086,1101,512,563712
titanic,9,feature_extraction,random,0.42630183324217796,0.01854001167558265,1101,512,563712
titanic,9,hscore,random,0.07464963998645543,0.004002463379652074,1101,512,563712
titanic,9,transrate,random,0.017430700082331895,0.0008882230853637133,1101,512,563712
twonorm,0,complexity_22,raw_tabular,11.146575100099048,0.017839893515736678,3700,20,74000
twonorm,0,complexity_l2,raw_tabular,0.002228966603676478,7.436992832598762e-05,3700,20,74000
twonorm,0,complexity_density,raw_tabular,0.8700594000207881,0.005890265235120349,3700,20,74000
twonorm,0,encoding,shared,1.6683375666228433,0.025090787527862174,3700,20,74000
twonorm,0,feature_extraction,imagenet,1.4173222666916747,0.0163117495202617,3700,512,1894400
twonorm,0,hscore,imagenet,0.10674855997785926,0.002599720142616109,3700,512,1894400
twonorm,0,transrate,imagenet,0.03766793999820948,0.002473420010637406,3700,512,1894400
twonorm,0,feature_extraction,random,1.4018813334405422,0.027965799375606434,3700,512,1894400
twonorm,0,hscore,random,0.1057595600374043,0.003133964430981439,3700,512,1894400
twonorm,0,transrate,random,0.04041004003956914,0.000962788897111657,3700,512,1894400
twonorm,1,complexity_22,raw_tabular,11.116905399753401,0.05050766041412462,3700,20,74000
twonorm,1,complexity_l2,raw_tabular,0.0023623999829093614,2.9395352761867557e-05,3700,20,74000
twonorm,1,complexity_density,raw_tabular,0.8508613333106041,0.006252534163187501,3700,20,74000
twonorm,1,encoding,shared,2.164950266790887,0.39551028004923744,3700,20,74000
twonorm,1,feature_extraction,imagenet,1.3893561667452257,0.029916451626953073,3700,512,1894400
twonorm,1,hscore,imagenet,0.10405303994193674,0.002098892170557946,3700,512,1894400
twonorm,1,transrate,imagenet,0.03889694008976221,0.0017796900459423415,3700,512,1894400
twonorm,1,feature_extraction,random,1.3657095000768702,0.010920930585090187,3700,512,1894400
twonorm,1,hscore,random,0.10980898002162576,0.0028455636287941627,3700,512,1894400
twonorm,1,transrate,random,0.03844175999984145,0.0005062999641132257,3700,512,1894400
twonorm,2,complexity_22,raw_tabular,11.129164933382222,0.005108211682542967,3700,20,74000
twonorm,2,complexity_l2,raw_tabular,0.002404166695972284,1.2391726071324719e-05,3700,20,74000
twonorm,2,complexity_density,raw_tabular,0.8469912667448322,0.005734814329619778,3700,20,74000
twonorm,2,encoding,shared,1.6994942667273183,0.12300680428548817,3700,20,74000
twonorm,2,feature_extraction,imagenet,1.3466897665833433,0.017297891003661994,3700,512,1894400
twonorm,2,hscore,imagenet,0.10838419999927282,0.0016696511075918717,3700,512,1894400
twonorm,2,transrate,imagenet,0.038736399915069344,0.0005372428754083354,3700,512,1894400
twonorm,2,feature_extraction,random,1.3453600333693128,0.01497120947355379,3700,512,1894400
twonorm,2,hscore,random,0.10662069991230964,0.0013531547215126318,3700,512,1894400
twonorm,2,transrate,random,0.037706380058079955,0.001283451335560235,3700,512,1894400
twonorm,3,complexity_22,raw_tabular,11.009375533399483,0.09079437655259323,3700,20,74000
twonorm,3,complexity_l2,raw_tabular,0.002973333466798067,0.0002282037270045264,3700,20,74000
twonorm,3,complexity_density,raw_tabular,0.8327685999684036,0.0019026010804077992,3700,20,74000
twonorm,3,encoding,shared,1.6436401332418125,0.04077010314616747,3700,20,74000
twonorm,3,feature_extraction,imagenet,1.432568166560183,0.011528952987151841,3700,512,1894400
twonorm,3,hscore,imagenet,0.10790188005194068,0.0030219871221759667,3700,512,1894400
twonorm,3,transrate,imagenet,0.03931013997644186,0.0007357039951724597,3700,512,1894400
twonorm,3,feature_extraction,random,1.421388400097688,0.013436655916776402,3700,512,1894400
twonorm,3,hscore,random,0.10551932007074356,0.004376259616371441,3700,512,1894400
twonorm,3,transrate,random,0.03876848006621003,0.003028541428794959,3700,512,1894400
twonorm,4,complexity_22,raw_tabular,11.238530799746513,0.05296496466356724,3700,20,74000
twonorm,4,complexity_l2,raw_tabular,0.002598566779245933,0.0001678348701957554,3700,20,74000
twonorm,4,complexity_density,raw_tabular,0.8338422668166459,0.011566395758791327,3700,20,74000
twonorm,4,encoding,shared,1.668334799973915,0.10633012943224637,3700,20,74000
twonorm,4,feature_extraction,imagenet,1.3580910999638338,0.003858289916283352,3700,512,1894400
twonorm,4,hscore,imagenet,0.10866864006966352,0.00269897728351596,3700,512,1894400
twonorm,4,transrate,imagenet,0.03878203984349966,0.000711530501783448,3700,512,1894400
twonorm,4,feature_extraction,random,1.3366568333779771,0.01192338943928284,3700,512,1894400
twonorm,4,hscore,random,0.10741510018706321,0.001973428461841144,3700,512,1894400
twonorm,4,transrate,random,0.03968956014141441,0.0038177384375633313,3700,512,1894400
twonorm,5,complexity_22,raw_tabular,11.099330333371958,0.0452750368394165,3700,20,74000
twonorm,5,complexity_l2,raw_tabular,0.002591066683332125,0.0001918319671702645,3700,20,74000
twonorm,5,complexity_density,raw_tabular,0.8550176333325604,0.00015453217574867498,3700,20,74000
twonorm,5,encoding,shared,1.7204945997024577,0.06674766256298079,3700,20,74000
twonorm,5,feature_extraction,imagenet,1.426727033375452,0.02883730237013832,3700,512,1894400
twonorm,5,hscore,imagenet,0.10236125998198986,0.0030041082132243454,3700,512,1894400
twonorm,5,transrate,imagenet,0.038739600032567975,0.0016000729098601364,3700,512,1894400
twonorm,5,feature_extraction,random,1.4081745998313029,0.013780265152009275,3700,512,1894400
twonorm,5,hscore,random,0.1074151599779725,0.0026337872618679144,3700,512,1894400
twonorm,5,transrate,random,0.038171560037881136,0.0018578955791796468,3700,512,1894400
twonorm,6,complexity_22,raw_tabular,11.201677433370302,0.034159690884006985,3700,20,74000
twonorm,6,complexity_l2,raw_tabular,0.0024721998100479445,0.00019406558304358785,3700,20,74000
twonorm,6,complexity_density,raw_tabular,0.847472699979941,0.00786616470851351,3700,20,74000
twonorm,6,encoding,shared,1.610334999859333,0.0286359280184207,3700,20,74000
twonorm,6,feature_extraction,imagenet,1.3836532668210566,0.02884243780950929,3700,512,1894400
twonorm,6,hscore,imagenet,0.10703997993841767,0.0022939618095986864,3700,512,1894400
twonorm,6,transrate,imagenet,0.04134734012186527,0.0009560781459306276,3700,512,1894400
twonorm,6,feature_extraction,random,1.3532190999637048,0.0012495330439228917,3700,512,1894400
twonorm,6,hscore,random,0.10670609995722771,0.0024780258966857678,3700,512,1894400
twonorm,6,transrate,random,0.036864360049366954,0.0015475604116178049,3700,512,1894400
twonorm,7,complexity_22,raw_tabular,11.16053773323074,0.03190019025367966,3700,20,74000
twonorm,7,complexity_l2,raw_tabular,0.002382066876937946,0.00014561004738919956,3700,20,74000
twonorm,7,complexity_density,raw_tabular,0.8421064664920171,0.006778705969881767,3700,20,74000
twonorm,7,encoding,shared,1.6554160669135551,0.07171133865456344,3700,20,74000
twonorm,7,feature_extraction,imagenet,1.331501566649725,0.009107492430039181,3700,512,1894400
twonorm,7,hscore,imagenet,0.10627554003149271,0.0028913635599654404,3700,512,1894400
twonorm,7,transrate,imagenet,0.03953875983133912,0.0009618784093651118,3700,512,1894400
twonorm,7,feature_extraction,random,1.331423900090158,0.008311891938982232,3700,512,1894400
twonorm,7,hscore,random,0.11123174000531436,0.0025426558796037336,3700,512,1894400
twonorm,7,transrate,random,0.03672511987388134,0.0015862910995768933,3700,512,1894400
twonorm,8,complexity_22,raw_tabular,10.959742066760858,0.030420624827378045,3700,20,74000
twonorm,8,complexity_l2,raw_tabular,0.0023359667199353376,3.211842551595689e-05,3700,20,74000
twonorm,8,complexity_density,raw_tabular,0.8380014666666588,0.013660940710816935,3700,20,74000
twonorm,8,encoding,shared,1.6431160999151568,0.07190096047418192,3700,20,74000
twonorm,8,feature_extraction,imagenet,1.3278426335503657,0.005243399377982187,3700,512,1894400
twonorm,8,hscore,imagenet,0.10979718007147313,0.0013145493413949097,3700,512,1894400
twonorm,8,transrate,imagenet,0.03990458007901907,0.003352862605602128,3700,512,1894400
twonorm,8,feature_extraction,random,1.3460749667137861,0.0063576955493114375,3700,512,1894400
twonorm,8,hscore,random,0.11193762002512812,0.0017479208119072387,3700,512,1894400
twonorm,8,transrate,random,0.03734742002561688,0.0011981165643908454,3700,512,1894400
twonorm,9,complexity_22,raw_tabular,11.212545766495168,0.01479102317526959,3700,20,74000
twonorm,9,complexity_l2,raw_tabular,0.0023942667370041213,0.0002394003581631625,3700,20,74000
twonorm,9,complexity_density,raw_tabular,0.86169103331243,0.0027693205254545007,3700,20,74000
twonorm,9,encoding,shared,1.6982228332199156,0.056226561460554936,3700,20,74000
twonorm,9,feature_extraction,imagenet,1.3928009333709876,0.008861543110957274,3700,512,1894400
twonorm,9,hscore,imagenet,0.1047214599326253,0.004714267895319612,3700,512,1894400
twonorm,9,transrate,imagenet,0.04081407999619842,0.0027433394536736174,3700,512,1894400
twonorm,9,feature_extraction,random,1.3877973666725059,0.028354532596526306,3700,512,1894400
twonorm,9,hscore,random,0.11195935998111964,0.0028990655701610175,3700,512,1894400
twonorm,9,transrate,random,0.039142639841884375,0.0019725143656457566,3700,512,1894400
wisconsin,0,complexity_22,raw_tabular,0.15040983337288102,0.0029408413489648974,349,9,3141
wisconsin,0,complexity_l2,raw_tabular,0.0007377003009120623,0.00010229888976858492,349,9,3141
wisconsin,0,complexity_density,raw_tabular,0.008077433332800865,0.00010073103550324896,349,9,3141
wisconsin,0,encoding,shared,0.14243296657999358,0.010481851719666936,349,9,3141
wisconsin,0,feature_extraction,imagenet,0.12851716671139002,0.0027635064544001193,349,512,178688
wisconsin,0,hscore,imagenet,0.07110312012955547,0.005272859887456721,349,512,178688
wisconsin,0,transrate,imagenet,0.012954339943826198,0.00209161603048962,349,512,178688
wisconsin,0,feature_extraction,random,0.12584486665825048,0.0017320263625387206,349,512,178688
wisconsin,0,hscore,random,0.06848716000095009,0.004459212629891083,349,512,178688
wisconsin,0,transrate,random,0.012353780027478934,0.0008952747609073145,349,512,178688
wisconsin,1,complexity_22,raw_tabular,0.1459540999494493,0.0009467736414290078,350,9,3150
wisconsin,1,complexity_l2,raw_tabular,0.0006799668384095033,7.649812379071047e-05,350,9,3150
wisconsin,1,complexity_density,raw_tabular,0.008665533425907293,0.00036177663987514903,350,9,3150
wisconsin,1,encoding,shared,0.13450603311260542,0.002264252251466342,350,9,3150
wisconsin,1,feature_extraction,imagenet,0.12693726659441987,0.0010112575437471719,350,512,179200
wisconsin,1,hscore,imagenet,0.06803018003702163,0.0062542267049334075,350,512,179200
wisconsin,1,transrate,imagenet,0.012223259918391705,0.0004509200280545864,350,512,179200
wisconsin,1,feature_extraction,random,0.12778746662661433,0.002131132026621183,350,512,179200
wisconsin,1,hscore,random,0.06201491998508572,0.002052310364911662,350,512,179200
wisconsin,1,transrate,random,0.011792040150612592,0.0009475890929404996,350,512,179200
wisconsin,2,complexity_22,raw_tabular,0.1463968666891257,0.001352212086558451,349,9,3141
wisconsin,2,complexity_l2,raw_tabular,0.0005994997918605804,1.2280373847926389e-05,349,9,3141
wisconsin,2,complexity_density,raw_tabular,0.008781166902432838,0.000262625007748214,349,9,3141
wisconsin,2,encoding,shared,0.13300446684782705,0.0011057884393160325,349,9,3141
wisconsin,2,feature_extraction,imagenet,0.12625243359555802,0.000849814037697102,349,512,178688
wisconsin,2,hscore,imagenet,0.07175469994544983,0.004780435604823193,349,512,178688
wisconsin,2,transrate,imagenet,0.011141620017588139,0.00047135411978804,349,512,178688
wisconsin,2,feature_extraction,random,0.12732846677924195,0.0007701887472562843,349,512,178688
wisconsin,2,hscore,random,0.06856070011854172,0.0035075976366803693,349,512,178688
wisconsin,2,transrate,random,0.01185890007764101,0.000629032640072256,349,512,178688
wisconsin,3,complexity_22,raw_tabular,0.14774343324825168,0.0012456209377217848,350,9,3150
wisconsin,3,complexity_l2,raw_tabular,0.000676233321428299,8.715123370573684e-05,350,9,3150
wisconsin,3,complexity_density,raw_tabular,0.008455899854501089,0.00022535059275826205,350,9,3150
wisconsin,3,encoding,shared,0.1354199668082098,0.0038401516640994343,350,9,3150
wisconsin,3,feature_extraction,imagenet,0.12682956643402576,0.0014006067619999017,350,512,179200
wisconsin,3,hscore,imagenet,0.07127473996952176,0.0039012200293972255,350,512,179200
wisconsin,3,transrate,imagenet,0.011682960018515588,0.00018479881614170816,350,512,179200
wisconsin,3,feature_extraction,random,0.12784090001756945,0.001390451205865271,350,512,179200
wisconsin,3,hscore,random,0.06934259990230203,0.0017391268723228517,350,512,179200
wisconsin,3,transrate,random,0.011442460026592017,0.0005620875173981274,350,512,179200
wisconsin,4,complexity_22,raw_tabular,0.14412689985086521,0.0008279153796481693,349,9,3141
wisconsin,4,complexity_l2,raw_tabular,0.0005675000138580799,1.454712899790819e-05,349,9,3141
wisconsin,4,complexity_density,raw_tabular,0.00854570015023152,0.0002970580589954799,349,9,3141
wisconsin,4,encoding,shared,0.13207963341847062,0.0008268746642002589,349,9,3141
wisconsin,4,feature_extraction,imagenet,0.1278718332760036,0.001894601392914693,349,512,178688
wisconsin,4,hscore,imagenet,0.06750827999785543,0.0033985811865061273,349,512,178688
wisconsin,4,transrate,imagenet,0.012775060068815947,0.0009748245632388132,349,512,178688
wisconsin,4,feature_extraction,random,0.1249512997455895,0.0010385191352321778,349,512,178688
wisconsin,4,hscore,random,0.0702029999345541,0.003631886565794791,349,512,178688
wisconsin,4,transrate,random,0.012219320051372051,0.000594402341390617,349,512,178688
wisconsin,5,complexity_22,raw_tabular,0.14824580013131103,0.0016024371306944704,350,9,3150
wisconsin,5,complexity_l2,raw_tabular,0.000613733505209287,2.005626569654929e-05,350,9,3150
wisconsin,5,complexity_density,raw_tabular,0.00854683325936397,0.00031108984424992416,350,9,3150
wisconsin,5,encoding,shared,0.13126016656557718,0.0006702989985209694,350,9,3150
wisconsin,5,feature_extraction,imagenet,0.12910993319625655,0.003351619408462783,350,512,179200
wisconsin,5,hscore,imagenet,0.06842665998265147,0.004371872488398794,350,512,179200
wisconsin,5,transrate,imagenet,0.012859980016946793,0.0010079024713744113,350,512,179200
wisconsin,5,feature_extraction,random,0.12568969993541637,0.00048685090039230964,350,512,179200
wisconsin,5,hscore,random,0.06957079991698265,0.004892966250062942,350,512,179200
wisconsin,5,transrate,random,0.01247550006955862,0.000867243529196362,350,512,179200
wisconsin,6,complexity_22,raw_tabular,0.146005233284086,0.0018268954152593367,349,9,3141
wisconsin,6,complexity_l2,raw_tabular,0.0006387000903487206,7.113498993578539e-05,349,9,3141
wisconsin,6,complexity_density,raw_tabular,0.008430499893923601,0.00021696729302186663,349,9,3141
wisconsin,6,encoding,shared,0.1306266000804802,0.001432834808798594,349,9,3141
wisconsin,6,feature_extraction,imagenet,0.12550679982329407,0.0005828708954102904,349,512,178688
wisconsin,6,hscore,imagenet,0.06632495997473598,0.0044774456064227515,349,512,178688
wisconsin,6,transrate,imagenet,0.012598580028861762,0.001033244148461891,349,512,178688
wisconsin,6,feature_extraction,random,0.12602283339947462,0.0007364714295205379,349,512,178688
wisconsin,6,hscore,random,0.06723409993574023,0.0051019098439724995,349,512,178688
wisconsin,6,transrate,random,0.011796279903501272,0.0005073598954048977,349,512,178688
wisconsin,7,complexity_22,raw_tabular,0.14889266667887568,0.0021698262753969367,350,9,3150
wisconsin,7,complexity_l2,raw_tabular,0.0005928000124792258,1.6062065852489608e-06,350,9,3150
wisconsin,7,complexity_density,raw_tabular,0.008687533438205719,0.0001774163816383153,350,9,3150
wisconsin,7,encoding,shared,0.13427789990479747,0.004030289277273217,350,9,3150
wisconsin,7,feature_extraction,imagenet,0.12943356670439243,0.0030502942788600057,350,512,179200
wisconsin,7,hscore,imagenet,0.06750401984900237,0.004810276234033113,350,512,179200
wisconsin,7,transrate,imagenet,0.012816840037703513,0.0007263952756682308,350,512,179200
wisconsin,7,feature_extraction,random,0.12497346646462877,0.0012348206385141079,350,512,179200
wisconsin,7,hscore,random,0.06498442003503442,0.0007389956354762868,350,512,179200
wisconsin,7,transrate,random,0.012813440058380365,0.0009465808757956416,350,512,179200
wisconsin,8,complexity_22,raw_tabular,0.1478104335255921,0.0015808262270205114,349,9,3141
wisconsin,8,complexity_l2,raw_tabular,0.0005909001144270102,1.0001306967793144e-05,349,9,3141
wisconsin,8,complexity_density,raw_tabular,0.008667033320913712,0.0002950932213069376,349,9,3141
wisconsin,8,encoding,shared,0.13435223326086998,0.003448220528234929,349,9,3141
wisconsin,8,feature_extraction,imagenet,0.1310622999444604,0.006812090310088677,349,512,178688
wisconsin,8,hscore,imagenet,0.06501607997342944,0.0039677924827399794,349,512,178688
wisconsin,8,transrate,imagenet,0.013582200091332198,0.0017093955891498943,349,512,178688
wisconsin,8,feature_extraction,random,0.1288332665959994,0.003587826894546295,349,512,178688
wisconsin,8,hscore,random,0.06563211996108294,0.003666845168834099,349,512,178688
wisconsin,8,transrate,random,0.013402460142970085,0.0009235448746840405,349,512,178688
wisconsin,9,complexity_22,raw_tabular,0.14594736664245525,0.0007347731742223652,350,9,3150
wisconsin,9,complexity_l2,raw_tabular,0.0007458667581280073,9.12034700440358e-05,350,9,3150
wisconsin,9,complexity_density,raw_tabular,0.008502700055638948,0.00017523730715654208,350,9,3150
wisconsin,9,encoding,shared,0.13381736679002643,0.00037250708585526284,350,9,3150
wisconsin,9,feature_extraction,imagenet,0.1259694000085195,0.001042502829924862,350,512,179200
wisconsin,9,hscore,imagenet,0.06743025993928313,0.003978525204868133,350,512,179200
wisconsin,9,transrate,imagenet,0.011873740050941706,0.0006514995228419655,350,512,179200
wisconsin,9,feature_extraction,random,0.12661466685434183,0.00148651720862792,350,512,179200
wisconsin,9,hscore,random,0.0703939801082015,0.0037645574223228993,350,512,179200
wisconsin,9,transrate,random,0.012836180068552494,0.0017009819051559691,350,512,179200
